cand_id,thread_id,customer_message,context_before,brand_reply,full_conversation,num_turns,resolved_heuristic,bucket
1,2580775,Hey @115888 please make @89341 Chixtape 4 available pretty please. Thank you 👍🏽,,@731481 Hey there! Can you DM us your account's email address? We'll take a look /RB https://t.co/ldFdZRiNAt,[customer] Hey @115888 please make @89341 Chixtape 4 available pretty please. Thank you 👍🏽 || [brand] @731481 Hey there! Can you DM us your account's email address? We'll take a look /RB https://t.co/ldFdZRiNAt,2,True,praise_or_gratitude
2,1462722,Tfw it's 2017 and @115888 @SpotifyCares still has arbitrary limits on the # of songs on a device or playlist. #bullshit #spotify #music,,@378676 We hear you 🎧 Rest assured your feedback will be passed on to the right folks /DF,[customer] Tfw it's 2017 and @115888 @SpotifyCares still has arbitrary limits on the # of songs on a device or playlist. #bullshit #spotify #music || [brand] @378676 We hear you 🎧 Rest assured your feedback will be passed on to the right folks /DF,2,True,feature_request_or_limitation
3,521813,@SpotifyCares Just got this email and I didn't make the change- I can't even log into my account anymore. What can I do to fix it? https://t.co/ltjO4jOm5E,,"@240485 Hey Gurasees! We'd suggest deleting your tweet for security purposes, as it contains your personal info. Can you send it over DM instead? We'll be waiting /AN https://t.co/ldFdZR1cbT","[customer] @SpotifyCares Just got this email and I didn't make the change- I can't even log into my account anymore. What can I do to fix it? https://t.co/ltjO4jOm5E || [brand] @240485 Hey Gurasees! We'd suggest deleting your tweet for security purposes, as it contains your personal info. Can you send it over DM instead? We'll be waiting /AN https://t.co/ldFdZR1cbT",2,True,login_account_access
4,2495866,@SpotifyCares 2/2 please let me know what I can do as they will be able to access my payment details.,,@712305 Hi Liz! Sorry to hear that. We've just sent you a bit more info over DM. We'll carry on helping out there /JS,[customer] @SpotifyCares 2/2 please let me know what I can do as they will be able to access my payment details. || [brand] @712305 Hi Liz! Sorry to hear that. We've just sent you a bit more info over DM. We'll carry on helping out there /JS,2,True,account_billing
5,1150441,"@SpotifyCares hey, why can't I hear the Noel's first solo album? I can see the cover but then it's skips. Can't see it on artist page either https://t.co/g55VgGoFjF",,"@390716 Hey! Does this happen on all tracks or just the ones for that artist? Can you try logging out, restarting the app, then logging back in? /SJ","[customer] @SpotifyCares hey, why can't I hear the Noel's first solo album? I can see the cover but then it's skips. Can't see it on artist page either https://t.co/g55VgGoFjF || [brand] @390716 Hey! Does this happen on all tracks or just the ones for that artist? Can you try logging out, restarting the app, then logging back in? /SJ || [customer] @SpotifyCares I'm in Portugal. Does that album available here? || [brand] @390716 2: Hopefully we'll have it available again soon. More info at https://t.co/MEjmIRL2eB /SJ",4,True,feature_request_or_limitation
6,1291285,Wondering why @115888 in not available in Kuwait! https://t.co/CvZUWqgn3z,,@421974 Hey there! We're launching in new countries as often as possible. Be sure to add your email at https://t.co/X8DVSX9QgM 🙂 /JI,"[customer] Wondering why @115888 in not available in Kuwait! https://t.co/CvZUWqgn3z || [brand] @421974 Hey there! We're launching in new countries as often as possible. Be sure to add your email at https://t.co/X8DVSX9QgM 🙂 /JI || [customer] @SpotifyCares I hope so ❤ || [brand] @421974 Yup! If you have other questions, you know where to reach us /RA",4,True,content_availability
7,1098207,@SpotifyCares i cant login to my premium for family account ... my profile is showing as free for some reason,,@379149 Hey! Can you DM us your account's username and email address? We'll take a look behind the scenes /JL https://t.co/ldFdZRiNAt,"[customer] @SpotifyCares i cant login to my premium for family account ... my profile is showing as free for some reason || [brand] @379149 Hey! Can you DM us your account's username and email address? We'll take a look behind the scenes /JL https://t.co/ldFdZRiNAt || [customer] @SpotifyCares thanks for the followup, problem got solved. || [brand] @379149 Awesome, that's what we like to hear! If you need us again, just... https://t.co/AUc7DGJpgF /RV",4,True,login_account_access
8,1697984,@SpotifyCares trying to update my payment info &amp; when I attempt to update sends me to /#student-pci-credit-card can you help! Graduated in '10!,,@515013 Hey Sarah! Help's here. Can you DM us your account's email address? We'll take a look backstage /RA https://t.co/ldFdZRiNAt,[customer] @SpotifyCares trying to update my payment info &amp; when I attempt to update sends me to /#student-pci-credit-card can you help! Graduated in '10! || [brand] @515013 Hey Sarah! Help's here. Can you DM us your account's email address? We'll take a look backstage /RA https://t.co/ldFdZRiNAt,2,True,account_billing
9,2376252,"@SpotifyCares I updated my payment info, you guys charged me but I’m still getting notifications that I’m gonna lose my premium ☹️",,@685399 Hey Jason! Can you DM us your account's email address or username? We'll check backstage /AR https://t.co/ldFdZRiNAt,"[customer] @SpotifyCares I updated my payment info, you guys charged me but I’m still getting notifications that I’m gonna lose my premium ☹️ || [brand] @685399 Hey Jason! Can you DM us your account's email address or username? We'll check backstage /AR https://t.co/ldFdZRiNAt",2,True,account_billing
10,2125247,@SpotifyCares PLEASE help me fix this! I'm locked out of my account someone changed the email address and password.,,@625881 Hi there! That doesn't sound good. Can you DM us your account's username or email address? We'll take a look under the hood /DN https://t.co/ldFdZRiNAt,[customer] @SpotifyCares PLEASE help me fix this! I'm locked out of my account someone changed the email address and password. || [brand] @625881 Hi there! That doesn't sound good. Can you DM us your account's username or email address? We'll take a look under the hood /DN https://t.co/ldFdZRiNAt,2,True,login_account_access
11,494239,"@115888. Hi, can I cancel my monthly premium subscription and take out the new annual subscription?",,"@232849 Hey there, help's here! Could you DM us your account's email address and username? We'll take a look backstage /CG https://t.co/ldFdZRiNAt","[customer] @115888. Hi, can I cancel my monthly premium subscription and take out the new annual subscription? || [brand] @232849 Hey there, help's here! Could you DM us your account's email address and username? We'll take a look backstage /CG https://t.co/ldFdZRiNAt",2,True,account_billing
12,2297920,"@115888 tiap login kok ssh ga bs konek padahal buat online lancar jaya.. 
kira"" knp ya min?",Spotify Premium tanpa iklan dan offline. Jadi musik tidak pernah berhenti. Coba gratis. https://t.co/yFdrBlZGuS,"@667062 Hey! We can help out in English via Twitter, but we also have Indonesian support via email at https://t.co/ZgU70TbP8M /NQ","[customer] Spotify Premium tanpa iklan dan offline. Jadi musik tidak pernah berhenti. Coba gratis. https://t.co/yFdrBlZGuS || [customer] @115888 tiap login kok ssh ga bs konek padahal buat online lancar jaya.. 
kira"" knp ya min? || [brand] @667062 Hey! We can help out in English via Twitter, but we also have Indonesian support via email at https://t.co/ZgU70TbP8M /NQ",3,True,login_account_access
13,649899,Spotify logged me out and i don’t know my password or email wtffff,,@274499 Hi there. We've just sent a DM your way. Let's carry on chatting there /XF,[customer] Spotify logged me out and i don’t know my password or email wtffff || [brand] @274499 Hi there. We've just sent a DM your way. Let's carry on chatting there /XF,2,True,login_account_access
14,2618509,"What’s all that about @115888 @116130 ?! Fancy giving me more space, I’ve got things I need to listen to!!! #AllFilledUp #SpotifyLimit https://t.co/6n424LAJeB",,"@739991 Hey! How many tracks would you say you have in Songs (roughly)? e.g. 100, 1000, 5000, or more? /GT","[customer] What’s all that about @115888 @116130 ?! Fancy giving me more space, I’ve got things I need to listen to!!! #AllFilledUp #SpotifyLimit https://t.co/6n424LAJeB || [brand] @739991 Hey! How many tracks would you say you have in Songs (roughly)? e.g. 100, 1000, 5000, or more? /GT || [customer] @SpotifyCares A good few, probs around 10,000 || [brand] @739991 Hmm. There's currently a 10k limit in Your Music (Songs + Albums + Artists). More info here: https://t.co/59ABtm5Ftl. Let us know if you have other questions /GT || [customer] @SpotifyCares Blimey, that’s madness @115948 ‘s limit is 100,000 I believe? You should definitely raise it, 10,000 is nowt. || [brand] @739991 We hear you! We’d love to see your vote, and hear your feedback on this idea: https://t.co/8OOl8B2i69 /GT",6,True,feature_request_or_limitation
15,2871172,"The @115888 app has been frustrating me a lot lately. First it took away the ability to skip, pause/play, back track a long from my lock screen or a widget, now shuffle only goes through three characters. And I see no way to fix this.",,"@797230 Hey there! Can you let us know the device, operating system, and Spotify version you're using? We'll see what we can suggest /LO","[customer] The @115888 app has been frustrating me a lot lately. First it took away the ability to skip, pause/play, back track a long from my lock screen or a widget, now shuffle only goes through three characters. And I see no way to fix this. || [brand] @797230 Hey there! Can you let us know the device, operating system, and Spotify version you're using? We'll see what we can suggest /LO || [customer] @SpotifyCares Hey, thanks for getting back. I have a Samsung 7, Kernel version OS, Spotify 8.4.28.875 || [brand] @797230 It's not ideal, but the exact steps here should help out: https://t.co/EqisDMwZAT. Let us know how it goes /NQ || [customer] @SpotifyCares See, I've done this already. I still have the same problems. I'll do it again and see if it's any different || [brand] @797230 Thanks. If it doesn't work, can you try logging in to another device to see if the issue persist? Keep us posted /SJ || [customer] @SpotifyCares Hey! So I have an update! So after a second uninstall and reinstall theres some progress. As far as the widget goes, it's back working like normal. However, the shuffle is still very weird. Example of a song starts with A it'll only go through A-C and back around. || [brand] @797230 Hmm. Could you send us a DM with your account's email address? We'll take a look backstage /CH https://t.co/ldFdZRiNAt || [customer] @SpotifyCares Thanks again. This was really bothersome, I appreciate the help you guys are providing.",9,True,playback_technical_issue
16,374864,"Wow, the @115888 android app is getting worse and worse...thanks for that, guys.",,@204889 Hey! Can you tell us more about what's happening exactly? We'll help out /AR,"[customer] Wow, the @115888 android app is getting worse and worse...thanks for that, guys. || [brand] @204889 Hey! Can you tell us more about what's happening exactly? We'll help out /AR",2,True,praise_or_gratitude
17,831872,"Hi @115888 can u put #IsThatForMe by @38358 e @38359 on the ""Today's Top Hits"" playlist? Thanks https://t.co/vEaPNcVMWq",,@318113 2: we’ll pass on your suggestion /AR,"[customer] Hi @115888 can u put #IsThatForMe by @38358 e @38359 on the ""Today's Top Hits"" playlist? Thanks https://t.co/vEaPNcVMWq || [brand] @318113 2: we’ll pass on your suggestion /AR || [customer] @SpotifyCares Thank you! Appreciate the reply #IsThatForMe || [brand] @318113 You're welcome! If you ever need us with anything else, just give us a... https://t.co/AUc7DGrNS5 🙂 /AR",4,True,praise_or_gratitude
18,459144,"@SpotifyCares Your API endpoints (eg /me, /browse/featured-playlists) are frequently returning a 404 errors (eg 50% of all requests). Is something going on at HQ?",,"@224049 Hey James! Don’t worry, we can help. What’s happening exactly? Can you let us know the device/OS you’re using? /MT","[customer] @SpotifyCares Your API endpoints (eg /me, /browse/featured-playlists) are frequently returning a 404 errors (eg 50% of all requests). Is something going on at HQ? || [brand] @224049 Hey James! Don’t worry, we can help. What’s happening exactly? Can you let us know the device/OS you’re using? /MT || [customer] @SpotifyCares Send a HTTP GET request (eg: https://t.co/Mm27ynlOyQ) using any device. Tested on Windows and Linux with CURL, ajax and Firebug. || [brand] @224049 Got it. We have more info about this here: https://t.co/H4PAZ77NUr. We hope that helps! /MT || [customer] @SpotifyCares ...that's just a link to the documentation. Try using your own API Console (beta) and you'll see the exact issue: https://t.co/mEvJYmzg7a || [brand] @224049 Apologies for the confusion. Your developer questions can be asked at https://t.co/QqtOtnoa06. They'll be able to help you further /MT || [customer] @SpotifyCares It's not a developer question, so much as an issue with your API. https://t.co/ZZq9szQlYt",7,False,redirect_other_team
19,89518,"@SpotifyCares I am trying to reset my password after getting an email from you, and every time I submit the form, I get this ""The CSRF token is invalid. Please try to resubmit the form."" The email was sent at 6:34 the AM.",,@135364 Hey Josh! Can you DM us your account's email address? We'll see what we can suggest /SJ https://t.co/ldFdZRiNAt,"[customer] @SpotifyCares I am trying to reset my password after getting an email from you, and every time I submit the form, I get this ""The CSRF token is invalid. Please try to resubmit the form."" The email was sent at 6:34 the AM. || [brand] @135364 Hey Josh! Can you DM us your account's email address? We'll see what we can suggest /SJ https://t.co/ldFdZRiNAt",2,True,login_account_access
20,184600,"Changed password, And it's still happening?? Help please! This is driving me nuts! https://t.co/NfYGNifuKc",,"@159458 Hi Harriette, help's arrived! Can you DM us with your account's username and email address? We'll see what's going on /WW https://t.co/ldFdZRiNAt","[customer] Changed password, And it's still happening?? Help please! This is driving me nuts! https://t.co/NfYGNifuKc || [brand] @159458 Hi Harriette, help's arrived! Can you DM us with your account's username and email address? We'll see what's going on /WW https://t.co/ldFdZRiNAt",2,True,login_account_access
21,1580646,"@SpotifyCares, Do offline listens add up to an artist's plays whenever I go back online? 🤔",,@486667 Offline listens are counted and sent to Spotify's server the next time you connect to the Internet. We hope this answers your question 🙂 /KL,"[customer] @SpotifyCares, Do offline listens add up to an artist's plays whenever I go back online? 🤔 || [brand] @486667 Offline listens are counted and sent to Spotify's server the next time you connect to the Internet. We hope this answers your question 🙂 /KL || [customer] @SpotifyCares Great! Yes, so I suppose they also count for the end of the year playlist ""Your Top Songs 20##""? || [brand] @486667 We're afraid we don't have any more info on this. Let us know if you have other questions /KL",4,True,playback_technical_issue
22,1217116,Someone please fix @115888 on my Samsung 8. It's been really glitchy and bugging out the last couple weeks. Thanks.,,"@405611 Hey! Don’t worry, we can help. What’s happening exactly? Can you let us know the Android and app versions you’re using? /PB","[customer] Someone please fix @115888 on my Samsung 8. It's been really glitchy and bugging out the last couple weeks. Thanks. || [brand] @405611 Hey! Don’t worry, we can help. What’s happening exactly? Can you let us know the Android and app versions you’re using? /PB || [customer] @SpotifyCares P.s. wife was not happy to have EDM music blaring at 5:30am. || [brand] @405611 Sorry about that! Could you tell us the Android and Spotify versions you're running? We'll see what we can suggest /RH || [customer] @SpotifyCares  https://t.co/kFCBiwLBYq || [brand] @405611 Thanks! Can you try logging out &gt; restarting your phone &gt; logging back in? Let us know if that makes a difference /RH",6,True,praise_or_gratitude
23,2398315,@SpotifyCares - Why can't I activate my student account?! It worked last year and now you're saying you don't support my business college? The fact the cost went up without you telling me is pretty shoddy too. Helpful to students? more like #rinsingstudents #unhappy #poorstudent,,@690210 Hey! Can you DM us your account's email address? We'll see what we can suggest /CB https://t.co/ldFdZRiNAt,[customer] @SpotifyCares - Why can't I activate my student account?! It worked last year and now you're saying you don't support my business college? The fact the cost went up without you telling me is pretty shoddy too. Helpful to students? more like #rinsingstudents #unhappy #poorstudent || [brand] @690210 Hey! Can you DM us your account's email address? We'll see what we can suggest /CB https://t.co/ldFdZRiNAt,2,True,feature_request_or_limitation
24,1011577,@115888 or some other spotify playlist recognition function,@115888 u need a spotify-specific shazam feature that allows phones to listen to a song and tell you what spotify playlists it's on,"@359345 Hey, this sounds like a great idea! Suggest it in our Community at https://t.co/rtDvYZOF32 and get support from other users /PB","[customer] @115888 u need a spotify-specific shazam feature that allows phones to listen to a song and tell you what spotify playlists it's on || [customer] @115888 or some other spotify playlist recognition function || [brand] @359345 Hey, this sounds like a great idea! Suggest it in our Community at https://t.co/rtDvYZOF32 and get support from other users /PB",3,True,unmatched
25,472548,@115888 hi why I can't download song https://t.co/UFDJXn6cYv,,"@227532 Hey, help's here! Can you DM us your account's email address? It'd also be best to let us know the Android and Spotify version you're rocking? /LW https://t.co/ldFdZR1cbT","[customer] @115888 hi why I can't download song https://t.co/UFDJXn6cYv || [brand] @227532 Hey, help's here! Can you DM us your account's email address? It'd also be best to let us know the Android and Spotify version you're rocking? /LW https://t.co/ldFdZR1cbT",2,True,playback_technical_issue
26,1368083,Spotify dah email langganan di cancel in 5 days tapi call maybank customer service asyik asyik tak dapat / tak dijawab 😑,,"@438487 Hey! We can help out in English via Twitter, but we also have Indonesian support via email at https://t.co/ZgU70TbP8M /AP","[customer] Spotify dah email langganan di cancel in 5 days tapi call maybank customer service asyik asyik tak dapat / tak dijawab 😑 || [brand] @438487 Hey! We can help out in English via Twitter, but we also have Indonesian support via email at https://t.co/ZgU70TbP8M /AP",2,True,redirect_other_team
27,2310347,"@SpotifyCares I sent a help message an hour ago, no reply yet?!? I bought a 3 month gift card and wont let me redeem it.",,@670053 Hi! We've just sent a DM your way. Let's carry on chatting there /AR,"[customer] @SpotifyCares I sent a help message an hour ago, no reply yet?!? I bought a 3 month gift card and wont let me redeem it. || [brand] @670053 Hi! We've just sent a DM your way. Let's carry on chatting there /AR",2,True,unmatched
28,399539,Thanks @SpotifyCares You made my day https://t.co/M02MiPe0FN,,"@207311 https://t.co/rkpsuGlCiy! If you ever need anything else, just shout and we'll come running 🏃 /TR","[customer] Thanks @SpotifyCares You made my day https://t.co/M02MiPe0FN || [brand] @207311 https://t.co/rkpsuGlCiy! If you ever need anything else, just shout and we'll come running 🏃 /TR",2,True,praise_or_gratitude
29,1736633,"@SpotifyCares can't log in with the same log in details i've been using for like 5 years. Seriously, my only option to contact you is through twitter what kind of bull shit customer service is this. At least provide a gd email...",,"@524283 Hey! Sorry for the late response. We're afraid we don't offer telephone support, but we can help via Twitter, email (__email__), and chat. If you'd like us to continue helping out here, just DM us your account's email address. We'll take a look backstage /RA https://t.co/ldFdZRiNAt","[customer] @SpotifyCares can't log in with the same log in details i've been using for like 5 years. Seriously, my only option to contact you is through twitter what kind of bull shit customer service is this. At least provide a gd email... || [brand] @524283 Hey! Sorry for the late response. We're afraid we don't offer telephone support, but we can help via Twitter, email (__email__), and chat. If you'd like us to continue helping out here, just DM us your account's email address. We'll take a look backstage /RA https://t.co/ldFdZRiNAt",2,True,login_account_access
30,1029781,"@SpotifyCares I deleted my Facebook account and I can no longer login. When I go to submit a help form, it says to login, but I cannot because I refuse to reactivate my Facebook. I tried resetting my password with the email associated w/ account but can't without Facebook. Help ?",,@198143 Hi there! Can you DM us your account's email address or username? We'll take a look backstage /NQ https://t.co/ldFdZR1cbT,"[customer] @SpotifyCares I deleted my Facebook account and I can no longer login. When I go to submit a help form, it says to login, but I cannot because I refuse to reactivate my Facebook. I tried resetting my password with the email associated w/ account but can't without Facebook. Help ? || [brand] @198143 Hi there! Can you DM us your account's email address or username? We'll take a look backstage /NQ https://t.co/ldFdZR1cbT",2,True,login_account_access
31,1854232,"@SpotifyCares hi, my dad can't seem to activate the Family invitation I've sent. Below error appears after filling up info.. Help! https://t.co/6rURQDPnLF",,@554790 Hey there! We've come to the rescue. Could you DM us your account's email address/username? We'll check behind the scenes /RE https://t.co/ldFdZRiNAt,"[customer] @SpotifyCares hi, my dad can't seem to activate the Family invitation I've sent. Below error appears after filling up info.. Help! https://t.co/6rURQDPnLF || [brand] @554790 Hey there! We've come to the rescue. Could you DM us your account's email address/username? We'll check behind the scenes /RE https://t.co/ldFdZRiNAt",2,True,unmatched
32,1380865,@SpotifyCares I just paid to keep premium &amp; I can't log into Facebook right now is there a way I can stream?,,"@441420 Hey there, that's not cool! Could you DM us your account's username or email address? We'll take a look backstage /GU https://t.co/ldFdZRiNAt","[customer] @SpotifyCares I just paid to keep premium &amp; I can't log into Facebook right now is there a way I can stream? || [brand] @441420 Hey there, that's not cool! Could you DM us your account's username or email address? We'll take a look backstage /GU https://t.co/ldFdZRiNAt",2,True,login_account_access
33,1283780,Why can't I listen to Florence + the Machine on @115888? The songs are there but when I press them nothing happens?,,@420306 Hey Michelle! Does this happen on other tracks or just for those ones only? Also. can you let us know the device/OS you’re using? /SJ,"[customer] Why can't I listen to Florence + the Machine on @115888? The songs are there but when I press them nothing happens? || [brand] @420306 Hey Michelle! Does this happen on other tracks or just for those ones only? Also. can you let us know the device/OS you’re using? /SJ || [customer] @SpotifyCares So far it's just Florence + the Machine songs. It's an Android || [brand] @420306 2: logging back in? Let us know how it goes /SJ || [customer] @SpotifyCares Android Version: 5.0.2
Model Number: SM-S920L
Spotify Version: 8.4.23.784 || [brand] @420306 Thanks for that info! Has logging out and restarting the app helped? Also, are you able to play the tracks from a different device? /WW || [customer] @SpotifyCares It worked! It just took a minute! Thank you so much! || [brand] @420306 Glad to hear it worked out! If you need anything else, feel free to give us another shout 🙂 /WW",8,True,feature_request_or_limitation
34,2363277,hey @115888 why do my songs keep undownloading themselves this has happened to me like 10 times in the last two months. unacceptable,,@682340 Sorry to hear that! Check out the steps under “Downloads unexpectedly removed” at https://t.co/38J7tFlIBF. They should help with this /DF,[customer] hey @115888 why do my songs keep undownloading themselves this has happened to me like 10 times in the last two months. unacceptable || [brand] @682340 Sorry to hear that! Check out the steps under “Downloads unexpectedly removed” at https://t.co/38J7tFlIBF. They should help with this /DF,2,True,playback_technical_issue
35,1537076,"@SpotifyCares I need some help accessing my account, I have changed my email address so cannot use the reset password link. Please HEEELPP",,@476556 Hey there! Can you DM us your account's email address? We'll take a look backstage /RB https://t.co/ldFdZRiNAt,"[customer] @SpotifyCares I need some help accessing my account, I have changed my email address so cannot use the reset password link. Please HEEELPP || [brand] @476556 Hey there! Can you DM us your account's email address? We'll take a look backstage /RB https://t.co/ldFdZRiNAt",2,True,login_account_access
36,2920808,"@115888 what’s up with Spotify today?  None of menus will load. I’ve deleted and reinstalled the app several times, to no avail.",,@767150 Hey there! Everything should be running smoothly now. Let us know if this is still happening /GS,"[customer] @115888 what’s up with Spotify today?  None of menus will load. I’ve deleted and reinstalled the app several times, to no avail. || [brand] @767150 Hey there! Everything should be running smoothly now. Let us know if this is still happening /GS",2,True,unmatched
37,974531,@SpotifyCares I definitely need to contact you. A number or email would be nice.,,"@351107 Hey We don't offer phone support at this time, but we've just sent a DM your way. Let's carry on chatting there /NQ","[customer] @SpotifyCares I definitely need to contact you. A number or email would be nice. || [brand] @351107 Hey We don't offer phone support at this time, but we've just sent a DM your way. Let's carry on chatting there /NQ",2,True,feature_request_or_limitation
38,2462274,"@115888 new update is awful, why can't I listen to my own albums anymore without having to listen to random artists I haven't heard of?",,"@704905 Hey Jill! What device, operating system, and Spotify version are you using? Also, are you rocking Free or Premium? /MA","[customer] @115888 new update is awful, why can't I listen to my own albums anymore without having to listen to random artists I haven't heard of? || [brand] @704905 Hey Jill! What device, operating system, and Spotify version are you using? Also, are you rocking Free or Premium? /MA || [customer] @SpotifyCares Hey! Im using the free version on iOS, so I'm fine with the ads&amp;limited skips, I love Spotify, just want2listen2my own artists 😂 iPhone 6, v. 8.4.27.895. Thanku! || [brand] @704905 Thanks for the info. Suggested tracks are part of our Free service on mobile, but you can reduce them by adding more artists into your playlists. Hope that helps /PB",4,True,feature_request_or_limitation
39,2930435,sure love how @SpotifyCares deleted +500 downloaded songs overnight :-),,"@810625 Hey, sorry to hear that! Check out the steps under “Downloads unexpectedly removed” at https://t.co/EidIERWgLX. They should help with this /NS","[customer] sure love how @SpotifyCares deleted +500 downloaded songs overnight :-) || [brand] @810625 Hey, sorry to hear that! Check out the steps under “Downloads unexpectedly removed” at https://t.co/EidIERWgLX. They should help with this /NS || [customer] @SpotifyCares Thanks for the feedback, appreciate it || [brand] @810625 No worries. Just to check are you having some issue with your subscription? If so, can you DM us more details about it, along with your account's username or email address? We'll check things backstage /MU https://t.co/ldFdZRiNAt",4,True,playback_technical_issue
40,2794537,@115888 Are you having issues in the UK? My Premium account has been moved to a free and all music wiped? #SpotifyDown,,@779850 Hey Kevin! The cavalry's here. Can you DM us your account's email address or username? We'll take a look under the hood /PK https://t.co/ldFdZRiNAt,[customer] @115888 Are you having issues in the UK? My Premium account has been moved to a free and all music wiped? #SpotifyDown || [brand] @779850 Hey Kevin! The cavalry's here. Can you DM us your account's email address or username? We'll take a look under the hood /PK https://t.co/ldFdZRiNAt,2,True,account_billing
41,659584,"@SpotifyCares Help! I am unable to login and I receive no email with a password reset. Have had an account for... 5+ years?! On autopay, no emails about changes, no info.",,@277065 Hey there! Can you DM us your account's email address and username? We'll take a look backstage /AL https://t.co/ldFdZRiNAt,"[customer] @SpotifyCares Help! I am unable to login and I receive no email with a password reset. Have had an account for... 5+ years?! On autopay, no emails about changes, no info. || [brand] @277065 Hey there! Can you DM us your account's email address and username? We'll take a look backstage /AL https://t.co/ldFdZRiNAt",2,True,login_account_access
42,1715480,@115888 PC app starts right up no problems. Mac app sucks all my power and still doesn't work.,Why is @115888 for the mac so poor in comparison to the PC app!? I don't understand.,@519527 Hey! Can you tell us more about what's happening exactly? What OS X and Spotify versions are you using? We'll see what we can suggest /AR,"[customer] Why is @115888 for the mac so poor in comparison to the PC app!? I don't understand. || [customer] @115888 PC app starts right up no problems. Mac app sucks all my power and still doesn't work. || [brand] @519527 Hey! Can you tell us more about what's happening exactly? What OS X and Spotify versions are you using? We'll see what we can suggest /AR || [customer] @SpotifyCares OS 10.10.5. Spotify 1.0.65.320. || [brand] @519527 Thanks! Just to clarify, is the Spotify app on your Mac not loading fast enough or it's not working at all? /AR || [customer] @SpotifyCares It does both. It takes forever to load and then I can't go past the browse page. I have to restart which takes forever then it works. || [brand] @519527 Got it. Could you DM us your account's email address or username? We'll check backstage /AR https://t.co/ldFdZRiNAt",7,True,unmatched
43,1936285,@SpotifyCares why is my account not active now that I changed me password?????,,"@576067 Hi Angela, help's here! Can you DM us your account's username and email address? We'll take a look backstage /WW https://t.co/ldFdZRiNAt","[customer] @SpotifyCares why is my account not active now that I changed me password????? || [brand] @576067 Hi Angela, help's here! Can you DM us your account's username and email address? We'll take a look backstage /WW https://t.co/ldFdZRiNAt",2,True,login_account_access
44,2981129,@115888 I re-downloaded the app and clicked shuffle for my music and the first thing i hear is an ad. Thats not ok.,,@822228 Hey there! Can you DM us your account's email address and username? We'll take a look backstage /KL https://t.co/ldFdZRiNAt,[customer] @115888 I re-downloaded the app and clicked shuffle for my music and the first thing i hear is an ad. Thats not ok. || [brand] @822228 Hey there! Can you DM us your account's email address and username? We'll take a look backstage /KL https://t.co/ldFdZRiNAt,2,True,playback_technical_issue
45,1333634,@SpotifyCares my Spotify seems to loose the files I download every few weeks. How can u stop this happening?? shows nothing avail offline!,,"@431116 Hey, sorry to hear that! Check out the steps under “Downloads unexpectedly removed” at https://t.co/38J7tFlIBF. They should help /BP","[customer] @SpotifyCares my Spotify seems to loose the files I download every few weeks. How can u stop this happening?? shows nothing avail offline! || [brand] @431116 Hey, sorry to hear that! Check out the steps under “Downloads unexpectedly removed” at https://t.co/38J7tFlIBF. They should help /BP || [customer] @SpotifyCares none of these apply and it's a brand new phone. Playlists always stay downloaded but album downloads disappear! So very annoying! || [brand] @431116 2: The steps are here: https://t.co/EqisDMwZAT. You can resync your music afterwards. Let us know how it goes /NY",4,True,playback_technical_issue
46,1517712,"@115888 why is 'I Do' by Placebo missing? Almost every song from Once More With Feeling is there, except that one. #AllSongsMatter https://t.co/wasQBWtXTE",,"@472117 Hey there! We’d love to have all of their stuff available, but we have some info about content here: https://t.co/0i8GpimuDa /MQ","[customer] @115888 why is 'I Do' by Placebo missing? Almost every song from Once More With Feeling is there, except that one. #AllSongsMatter https://t.co/wasQBWtXTE || [brand] @472117 Hey there! We’d love to have all of their stuff available, but we have some info about content here: https://t.co/0i8GpimuDa /MQ || [customer] @SpotifyCares Wasn't actually expecting a reply, nice. Thank you! :) || [brand] @472117 You're welcome! If you ever need us again, just give us a shout. We'd be... https://t.co/LgAM6ky9Vv 🙂 /LO",4,True,unmatched
47,152230,@spotifycares why do i have a 3333 offline song limit on my spotify?,,"@150787 Hey there! We currently have an offline limit of 3,333 songs per device due to licensing. We have more info here: https://t.co/NakiNgZcST /AG","[customer] @spotifycares why do i have a 3333 offline song limit on my spotify? || [brand] @150787 Hey there! We currently have an offline limit of 3,333 songs per device due to licensing. We have more info here: https://t.co/NakiNgZcST /AG",2,True,feature_request_or_limitation
48,634389,@SpotifyCares Hey! Could you help me find info about Spotify internships? Previous experience includes: Roc Nation and Universal Music Group,,@268534 Hey Nicholas! There's a Spotify for Students section at https://t.co/c1Z94oBFOl. Any info about internships will be there 🙂 /NG,[customer] @SpotifyCares Hey! Could you help me find info about Spotify internships? Previous experience includes: Roc Nation and Universal Music Group || [brand] @268534 Hey Nicholas! There's a Spotify for Students section at https://t.co/c1Z94oBFOl. Any info about internships will be there 🙂 /NG,2,True,redirect_other_team
49,2714220,@SpotifyCares so why didn’t you guys tell me when my Student premium was running out so that I could “reverify”? Why did you just go straight to charging me more?,,@314381 Hey Nick! We're sorry to hear this. Can you DM us your account's username or email address? We'll take a look under the hood /YM https://t.co/ldFdZRiNAt,[customer] @SpotifyCares so why didn’t you guys tell me when my Student premium was running out so that I could “reverify”? Why did you just go straight to charging me more? || [brand] @314381 Hey Nick! We're sorry to hear this. Can you DM us your account's username or email address? We'll take a look under the hood /YM https://t.co/ldFdZRiNAt,2,True,account_billing
50,1779506,@SpotifyCares hi I cancelled my membership on Sunday but you have still charged me this month ?!! This is not acceptable https://t.co/8la5UoxgEw,,"@534667 Hey Georgie, that's not cool! Could you shoot us a DM with your account's username and email address? We'll take a look backstage /VK https://t.co/ldFdZRiNAt","[customer] @SpotifyCares hi I cancelled my membership on Sunday but you have still charged me this month ?!! This is not acceptable https://t.co/8la5UoxgEw || [brand] @534667 Hey Georgie, that's not cool! Could you shoot us a DM with your account's username and email address? We'll take a look backstage /VK https://t.co/ldFdZRiNAt",2,True,account_billing
51,1102954,@115888 IDK WHO U THINK U R BUT U RUINED MY NIGHT BY TAKING TROUBADOR OFF. GEORGE DESERVES BETTER. You have thoroughly messed up. Fix it.,,@380270 @115888 Hey there! We've already replied to your DM. Check your inbox to find our response 🙂 /CH,[customer] @115888 IDK WHO U THINK U R BUT U RUINED MY NIGHT BY TAKING TROUBADOR OFF. GEORGE DESERVES BETTER. You have thoroughly messed up. Fix it. || [brand] @380270 @115888 Hey there! We've already replied to your DM. Check your inbox to find our response 🙂 /CH || [customer] @SpotifyCares @380270 @115888 lol don't listen to her lame ass,3,False,content_availability
52,2018423,Lottery for Georgia and square space for Georgia https://t.co/tJc2tF6C8v,,@401719 Can you send us a DM with your IP address? You can find that info by heading here: https://t.co/BUAjxvlfBM? We'll take a closer look /NJ https://t.co/ldFdZR1cbT,[customer] Lottery for Georgia and square space for Georgia https://t.co/tJc2tF6C8v || [brand] @401719 Can you send us a DM with your IP address? You can find that info by heading here: https://t.co/BUAjxvlfBM? We'll take a closer look /NJ https://t.co/ldFdZR1cbT,2,True,content_availability
53,1272635,Thank you ma'am/sir for your cooperation and patience. https://t.co/gMQPUBCubn,,@417643 You're welcome! Give us a shout if there's anything else we can do to help /DV,[customer] Thank you ma'am/sir for your cooperation and patience. https://t.co/gMQPUBCubn || [brand] @417643 You're welcome! Give us a shout if there's anything else we can do to help /DV,2,True,praise_or_gratitude
54,453468,"@SpotifyCares why cant i listen to that song? It says ""this song is not available in finland"" why???? https://t.co/7M34C18BrG",,"@222595 Hey! Fingers crossed it'll be available to users in Finland soon, but there's info about Spotify content here: https://t.co/1dgftcFtzc /RA","[customer] @SpotifyCares why cant i listen to that song? It says ""this song is not available in finland"" why???? https://t.co/7M34C18BrG || [brand] @222595 Hey! Fingers crossed it'll be available to users in Finland soon, but there's info about Spotify content here: https://t.co/1dgftcFtzc /RA || [customer] @SpotifyCares Ok, hope it works soon! || [brand] @222595 Hope so too! If you need anything else, just give us a shout 🙂 /RA || [customer] @SpotifyCares It works in spotify web, but not on my spotify that i have downloaded on my computer? 😩",5,False,content_availability
55,889532,"@SpotifyCares thanks for the update, looks much nicer when Chromecasting. Got lyrics and a cleaner image. Well done.",,"@331183 Hey Julian! We're glad you like it. If you need us again, just pop a message over. Have a great weekend 🙂 /BH","[customer] @SpotifyCares thanks for the update, looks much nicer when Chromecasting. Got lyrics and a cleaner image. Well done. || [brand] @331183 Hey Julian! We're glad you like it. If you need us again, just pop a message over. Have a great weekend 🙂 /BH",2,True,praise_or_gratitude
56,431453,@2069 @SpotifyCares Hello! The latest version of Spotify Web does not sync with Last.fm?,@2069 Oi! O novo Spotify Web não sincroniza mais com o Last.fm?,@217571 Hey there! What's happening exactly? Can you let us know the device and operating system you're using? We'll see what we can suggest /PB,"[customer] @2069 Oi! O novo Spotify Web não sincroniza mais com o Last.fm? || [customer] @2069 @SpotifyCares Hello! The latest version of Spotify Web does not sync with Last.fm? || [brand] @217571 Hey there! What's happening exactly? Can you let us know the device and operating system you're using? We'll see what we can suggest /PB || [customer] @SpotifyCares I'm listening to my songs in Spotify Web in my notebook Lenovo, Windows 10, Google Chrome. The songs are not appearing in my last.fm account || [customer] @SpotifyCares When I use my smartphone all the songs are correctly synchronized to my last.fm account. That issue started happen after Spotify Web updated || [brand] @217571 Got it. It's currently not possible on the new web player. Be sure to show your support for the idea here: https://t.co/JTVrt0qYJ3 /PB || [customer] @SpotifyCares Ok. Thanks for your support! || [brand] @217571 You're welcome. Let us know if you need anything else. We'd be happy to help /PB",8,True,playback_technical_issue
57,475203,I. Want. Spotify. To. Be. In. Georgia. @115888,,"@228088 Hey there! We can't make promises, but we're launching in new countries as often as possible. You can sign up to be first to hear: https://t.co/XDwWzj7cLP. Let us know if you have more questions 🙂 /MS","[customer] I. Want. Spotify. To. Be. In. Georgia. @115888 || [brand] @228088 Hey there! We can't make promises, but we're launching in new countries as often as possible. You can sign up to be first to hear: https://t.co/XDwWzj7cLP. Let us know if you have more questions 🙂 /MS || [customer] @SpotifyCares Thank you very much x || [brand] @228088 You're welcome! If you need anything, just give us a shout 🙂 /MS",4,True,content_availability
58,2578880,"How do I turn of the Automatic renew function for premium?
@SpotifyCares",,@731114 Hi there! You can cancel your Premium subscription anytime by heading to https://t.co/Q1zNbUXR4q. Let us know if you need a hand with this. We're happy to help /JJ,"[customer] How do I turn of the Automatic renew function for premium?
@SpotifyCares || [brand] @731114 Hi there! You can cancel your Premium subscription anytime by heading to https://t.co/Q1zNbUXR4q. Let us know if you need a hand with this. We're happy to help /JJ || [customer] @SpotifyCares I don't want to cancel. I just dont like having auto renew on || [brand] @731114 We hear you! Month-to-month subscription plans aren't available at this time, but we'll be sure to pass this on to the right people. Let us know if you need anything else /JJ https://t.co/ldFdZRiNAt",4,True,account_billing
59,1906503,@115888 USED to be the best streaming service. Now it just glitches and never works 😒,,"@568050 Hey there! What's happening exactly? Can you tell us what device, operating system, and version of Spotify you're using? We'll help out /SY","[customer] @115888 USED to be the best streaming service. Now it just glitches and never works 😒 || [brand] @568050 Hey there! What's happening exactly? Can you tell us what device, operating system, and version of Spotify you're using? We'll help out /SY",2,True,playback_technical_issue
60,337089,"@115888 i love 'this is justin bieber' playlist, however, can you update it with ALL OF HIS SONGS! greatly appreciated - from ALL BELIEBERS",,"@196429 Hey there! Our curation team are independent, but we got some medicine for that Bieber fever right here: https://t.co/ubAdut2pyy 🙂 /TY","[customer] @115888 i love 'this is justin bieber' playlist, however, can you update it with ALL OF HIS SONGS! greatly appreciated - from ALL BELIEBERS || [brand] @196429 Hey there! Our curation team are independent, but we got some medicine for that Bieber fever right here: https://t.co/ubAdut2pyy 🙂 /TY || [customer] @SpotifyCares Doesn’t let me access it lol || [brand] @196429 That's not fun! Could you let us know what you're seeing on your end when you click the link? Keep us posted /TY",4,True,praise_or_gratitude
61,507374,"@SpotifyCares Hey! I need immediate help with local files! I can sync the songs to my android device, but not to my iPad. I'm on windows 10. Thank you! :)",,"@236462 Hi Jimmy, help's here! can you let us know your iPad's operating system and Spotify version? We'll see what we can suggest /GT","[customer] @SpotifyCares Hey! I need immediate help with local files! I can sync the songs to my android device, but not to my iPad. I'm on windows 10. Thank you! :) || [brand] @236462 Hi Jimmy, help's here! can you let us know your iPad's operating system and Spotify version? We'll see what we can suggest /GT",2,True,praise_or_gratitude
62,2804,"So @115888 @3493 @SpotifyCares: three days later you’re still advertising a sale to me for which I’m geographically  ineligible, this time on Facebook. You know you can choose where you want your ads to display on FB, don’t you? https://t.co/AHEZ1EtC57",,"@116375 Hey there! Just to clarify, which part of Canada are currently living in? /MT","[customer] So @115888 @3493 @SpotifyCares: three days later you’re still advertising a sale to me for which I’m geographically  ineligible, this time on Facebook. You know you can choose where you want your ads to display on FB, don’t you? https://t.co/AHEZ1EtC57 || [brand] @116375 Hey there! Just to clarify, which part of Canada are currently living in? /MT || [customer] @SpotifyCares Montreal, where the ad itself says I’m not allowed to get the deal.

We had another tweet exchange a few days ago when you emailed me the same offer. || [brand] @116375 Sorry about that. You shouldn’t have received an email/notification if you’re not eligible. Can you DM us your account's email address or username? /NQ https://t.co/ldFdZRiNAt",4,True,content_availability
63,453440,@115888 why have you charged me £14.99 for something I don’t even have or signed up too? I would like my money back! https://t.co/OsZNKyZd8z,,@222586 Hey! Help's here. Can you DM us your account's email address? We'll take a look backstage /RA https://t.co/ldFdZRiNAt,[customer] @115888 why have you charged me £14.99 for something I don’t even have or signed up too? I would like my money back! https://t.co/OsZNKyZd8z || [brand] @222586 Hey! Help's here. Can you DM us your account's email address? We'll take a look backstage /RA https://t.co/ldFdZRiNAt,2,True,account_billing
64,1715010,Can’t control Spotify from control center/lock screen on iOS11 nor does it work w/my Bluetooth in my car. Help? @SpotifyCares @AppleSupport,,@519407 Hey Katie! Can you let us know the exact iOS and Spotify versions you're running? We'll see what we can suggest /RH,[customer] Can’t control Spotify from control center/lock screen on iOS11 nor does it work w/my Bluetooth in my car. Help? @SpotifyCares @AppleSupport || [brand] @519407 Hey Katie! Can you let us know the exact iOS and Spotify versions you're running? We'll see what we can suggest /RH || [customer] @SpotifyCares iOS11 (I haven’t updated to iOS11.1 .. yet) and the Spotify version is 8.4.25 || [brand] @519407 Thanks. Can you try logging out &gt; restarting your device &gt; logging back in? Let us know if that makes a difference /RH || [customer] @SpotifyCares That worked. Thank you! 🙌🏾 || [brand] @519407 Awesome! Let us know if you ever need us again. We'd be... https://t.co/LgAM6ky9Vv /RH,6,True,unmatched
65,1604869,IM SO TIRED OF HAVING TO DOWNLOAD 1500+ SONGS ALL THE TIME SPOTIFY https://t.co/63GMjS9H11,my fucking spotify songs are magically not downloaded onto my phone AGAIN :),@340297 Hey! We've just sent a DM your way. Let's carry on chatting there /PL,[customer] my fucking spotify songs are magically not downloaded onto my phone AGAIN :) || [customer] IM SO TIRED OF HAVING TO DOWNLOAD 1500+ SONGS ALL THE TIME SPOTIFY https://t.co/63GMjS9H11 || [brand] @340297 Hey! We've just sent a DM your way. Let's carry on chatting there /PL,3,True,playback_technical_issue
66,1666481,"@SpotifyCares I bought a 6 month voucher in June as gift I’d like to renew/ extend the gift subscription- can’t work out how, pls help!!",,@507667 Hi there! Can you DM us your account's email address or username? We'll take a look backstage /NQ https://t.co/ldFdZRiNAt,"[customer] @SpotifyCares I bought a 6 month voucher in June as gift I’d like to renew/ extend the gift subscription- can’t work out how, pls help!! || [brand] @507667 Hi there! Can you DM us your account's email address or username? We'll take a look backstage /NQ https://t.co/ldFdZRiNAt",2,True,account_billing
67,2489534,"@117153 can't login with my premium account on android system, says that experiencing problem",,"@710884 Hi there! What's the exact device, Android, and Spotify app version you're using? We'll see what we can suggest /NJ","[customer] @117153 can't login with my premium account on android system, says that experiencing problem || [brand] @710884 Hi there! What's the exact device, Android, and Spotify app version you're using? We'll see what we can suggest /NJ",2,True,login_account_access
68,1615765,@115888 is there any way to download more songs after reaching the download limit without getting rid of any pre existing songs?,,"@495530 1: Hi! We're afraid there's currently a limit of 3,333 downloaded songs per device (maximum of 3 devices). Not to worry. You can show... /AU","[customer] @115888 is there any way to download more songs after reaching the download limit without getting rid of any pre existing songs? || [brand] @495530 1: Hi! We're afraid there's currently a limit of 3,333 downloaded songs per device (maximum of 3 devices). Not to worry. You can show... /AU",2,True,feature_request_or_limitation
69,2289899,"@115888 not available in Pakistan!
What's the delay? https://t.co/cW2hkNnvLW",,@665229 Hey there! We're launching in new countries as often as possible. Be sure to add your email at https://t.co/X8DVSX9QgM /NQ,"[customer] @115888 not available in Pakistan!
What's the delay? https://t.co/cW2hkNnvLW || [brand] @665229 Hey there! We're launching in new countries as often as possible. Be sure to add your email at https://t.co/X8DVSX9QgM /NQ || [customer] @SpotifyCares Outsource it or something then
My people need music
Better managed and legal
Hurry up please || [brand] @665229 We hear you. Rest assured, your feedback will be passed on to the right folks /NQ",4,True,content_availability
70,1440283,"@SpotifyCares hi, your submit button does nothing on your Get Access page for artists, tried 3 different browsers, any help?",,"@454237 Hi! Are you getting any error messages? If so, can you send us a screenshot so we can take a closer look? /DR","[customer] @SpotifyCares hi, your submit button does nothing on your Get Access page for artists, tried 3 different browsers, any help? || [brand] @454237 Hi! Are you getting any error messages? If so, can you send us a screenshot so we can take a closer look? /DR || [customer] @SpotifyCares Nope, just clicking on it does nothing. No redirects, errors, nothing.. || [brand] @454237 Thanks! Just to check, have you tried restarting your device to see if it makes a difference? /DR || [customer] @SpotifyCares Just did, still the same || [brand] @454237 Got it. Could you try this out on a different device in an incognito window? Let us know how it goes /JQ || [customer] @SpotifyCares Tried on mobile, doesn't work either. Don't have any other device at hand atm. || [brand] @454237 Gotcha. Please contact our Artist team at https://t.co/p1wbtdELHu. If you've reached out, DM us your email address. We'll chase it up /JQ",8,True,redirect_other_team
71,2379033,"@SpotifyCares I received an email from Starbucks, saying you will send me 125 stars 3 days after I signed up, but I didn’t receive anything",,@686050 Hey! Can you DM us your account's username and email address? We'll take a look backstage /JL https://t.co/ldFdZRiNAt,"[customer] @SpotifyCares I received an email from Starbucks, saying you will send me 125 stars 3 days after I signed up, but I didn’t receive anything || [brand] @686050 Hey! Can you DM us your account's username and email address? We'll take a look backstage /JL https://t.co/ldFdZRiNAt",2,True,unmatched
72,1804377,@115888 @SpotifyCares can you move Deuce's new single Here I Come please? Because you put it under the wrong artist,,@542147 Sorry to hear it! We’d recommend reaching out to your distributor. They'll work with our team to make sure your artist page gets fixed /SU,[customer] @115888 @SpotifyCares can you move Deuce's new single Here I Come please? Because you put it under the wrong artist || [brand] @542147 Sorry to hear it! We’d recommend reaching out to your distributor. They'll work with our team to make sure your artist page gets fixed /SU,2,True,content_error_report
73,2699550,"@SpotifyCares hey im trying to remove a few of my old releases, they are on discontinued labels. But i no longer have contact with the people running it. How would i do this?",,@758395 Hey! Can you send us the URI of the tracks that you want to remove and your artist page? Just go to the track/page &gt; tap or click the three dots &gt; Share &gt; Copy link. We'll take a look backstage /SJ,"[customer] @SpotifyCares hey im trying to remove a few of my old releases, they are on discontinued labels. But i no longer have contact with the people running it. How would i do this? || [brand] @758395 Hey! Can you send us the URI of the tracks that you want to remove and your artist page? Just go to the track/page &gt; tap or click the three dots &gt; Share &gt; Copy link. We'll take a look backstage /SJ || [customer] @SpotifyCares Hey. Thanks for the reply, those are the albums to be removed! My artist profile is: https://t.co/NadIVCD1Yx || [brand] @758395 Sorry for any previous confusion. Our Artist Support team are the best folks to handle this, you can reach them here: https://t.co/41wf7ozbVm /I",4,True,redirect_other_team
74,2855910,@115888 can u get ur shit together with my discover weekly. Thanks,,"@793822 Hey Vladimir, help's here! What's happening exactly? Let us know and we'll see what we can suggest /JP","[customer] @115888 can u get ur shit together with my discover weekly. Thanks || [brand] @793822 Hey Vladimir, help's here! What's happening exactly? Let us know and we'll see what we can suggest /JP || [customer] @SpotifyCares My playlist was depressing as heck, u made me upset || [brand] @793822 Sorry to hear Discover Weekly wasn’t to your liking this week. Don't worry, it’ll be re-tuned on Monday. In the meantime, just keep listening to your favorite tunes to improve the mix. Let us know if there's anything else we can help with /KB",4,True,praise_or_gratitude
75,783489,@SpotifyCares please come to India😵😧😖🙁☹️,,@307003 Hey! We're launching regularly in countries around the world. Sign up here to be first to hear: https://t.co/XDwWzj7cLP /SJ,[customer] @SpotifyCares please come to India😵😧😖🙁☹️ || [brand] @307003 Hey! We're launching regularly in countries around the world. Sign up here to be first to hear: https://t.co/XDwWzj7cLP /SJ,2,True,unmatched
76,1089033,Hey @115888 I have a complaint,,"@376908 Hey Emma, what's going on? We're always glad to lend a hand /JX","[customer] Hey @115888 I have a complaint || [brand] @376908 Hey Emma, what's going on? We're always glad to lend a hand /JX || [customer] @SpotifyCares Yes hi why does the song ""I Put a Spell on You"" by the cast of the major motion picture soundtrack Hocus Pocus not stream on your service || [brand] @376908 Fingers crossed we'll be able to have it soon, but there's info about Spotify content here: https://t.co/0i8GpimuDa /JX",4,True,unmatched
77,1872456,@115888 thanks for getting rid of some of my favorite music. Censorship is lame. I'm getting rid of my sub.,,@559138 Hey there! Sometimes content gets temporarily removed because of licensing changes. We have more info here: https://t.co/0i8Gpi4TeA /LO,[customer] @115888 thanks for getting rid of some of my favorite music. Censorship is lame. I'm getting rid of my sub. || [brand] @559138 Hey there! Sometimes content gets temporarily removed because of licensing changes. We have more info here: https://t.co/0i8Gpi4TeA /LO,2,True,praise_or_gratitude
78,1879488,@SpotifyCares my playlist is followed by two people I made it private but I still have them as followers. How can I delete them? Thanks,,@560973 Hey! We're afraid it's not possible at the moment. We can see how that’d be useful. You can vote for it here: https://t.co/Le9jT8ogaK /BP,[customer] @SpotifyCares my playlist is followed by two people I made it private but I still have them as followers. How can I delete them? Thanks || [brand] @560973 Hey! We're afraid it's not possible at the moment. We can see how that’d be useful. You can vote for it here: https://t.co/Le9jT8ogaK /BP,2,True,praise_or_gratitude
79,450870,"@SpotifyCares I can't reset my password. Every time I try resetting it,  it says the CSRF token is invalid. I've cleared all of my  history/cookies/cache and I'm using incognito mode. Nothing is  working...",,"@221903 Hey Corey, we'd love to help! Can you DM us your account's username/email address and a screenshot of the exact error message you're getting? We'll take a look backstage /JP https://t.co/ldFdZRiNAt","[customer] @SpotifyCares I can't reset my password. Every time I try resetting it,  it says the CSRF token is invalid. I've cleared all of my  history/cookies/cache and I'm using incognito mode. Nothing is  working... || [brand] @221903 Hey Corey, we'd love to help! Can you DM us your account's username/email address and a screenshot of the exact error message you're getting? We'll take a look backstage /JP https://t.co/ldFdZRiNAt",2,True,login_account_access
80,885098,"If whoever keeps kicking me off my @115888 account sees this, PLEASE STOP YOURE DRIVING ME NUTS! Thank you!",,"@330173 Hi, help's here! Could you DM us your username and email address? We'll see what we can suggest /JQ https://t.co/ldFdZRiNAt","[customer] If whoever keeps kicking me off my @115888 account sees this, PLEASE STOP YOURE DRIVING ME NUTS! Thank you! || [brand] @330173 Hi, help's here! Could you DM us your username and email address? We'll see what we can suggest /JQ https://t.co/ldFdZRiNAt",2,True,praise_or_gratitude
81,1306866,"@115888 Is there a reason some albums are not complete? ""Troubadour"" by George Strait is missing from the album of the same name! Help!",,@407391 Hey Charlie! Is this what you're looking for: https://t.co/vcDjb8H3ZY? /NS,"[customer] @115888 Is there a reason some albums are not complete? ""Troubadour"" by George Strait is missing from the album of the same name! Help! || [brand] @407391 Hey Charlie! Is this what you're looking for: https://t.co/vcDjb8H3ZY? /NS || [customer] @SpotifyCares The album is on there. In reality it has 12 songs. Only 10 are on Spotify... the title track is one of two missing. || [brand] @407391 Got it. Licensing agreements can affect music availability. We have more info here: https://t.co/VMrgnGpB4G /NS",4,True,content_availability
82,1800065,I want to start a petition to get Children of Eden full soundtrack on Spotify please and thank you @115888,,"@540840 Hey Nadia! Fingers crossed we'll be able to have it soon, but there's info about Spotify content here: https://t.co/0i8GpimuDa /MO","[customer] I want to start a petition to get Children of Eden full soundtrack on Spotify please and thank you @115888 || [brand] @540840 Hey Nadia! Fingers crossed we'll be able to have it soon, but there's info about Spotify content here: https://t.co/0i8GpimuDa /MO",2,True,praise_or_gratitude
83,508877,"@SpotifyCares ... and when I log into my spotify account on your website, it has a very old e-mail address of mine listed.  Service is running fine, but as stated in 1st tweet... something isn't in sync",,@236883 Hey there! We're here to help. Can you DM us your account's email address? We'll take a look under the hood /AN https://t.co/ldFdZRiNAt,"[customer] @SpotifyCares ... and when I log into my spotify account on your website, it has a very old e-mail address of mine listed.  Service is running fine, but as stated in 1st tweet... something isn't in sync || [brand] @236883 Hey there! We're here to help. Can you DM us your account's email address? We'll take a look under the hood /AN https://t.co/ldFdZRiNAt",2,True,login_account_access
84,784791,regret adding explicit songs to my @115888 study playlist now Im listening to it at my internship 😅 maybe a filter would be a cool feature?,,@307276 Hey! We can see how that'd be handy. You can support the idea by voting for it here: https://t.co/CdI1SY9KZE /AY,[customer] regret adding explicit songs to my @115888 study playlist now Im listening to it at my internship 😅 maybe a filter would be a cool feature? || [brand] @307276 Hey! We can see how that'd be handy. You can support the idea by voting for it here: https://t.co/CdI1SY9KZE /AY || [customer] @SpotifyCares thanks for the quick response! great to see the idea has already been picked up :) || [brand] @307276 No worries. We'll keep passing on all feedback about it so our devs can see it's a popular request. Let us know if there's anything else /AY,4,True,redirect_other_team
85,601868,@SpotifyCares won't send me a link to reset my password when I try? I need help https://t.co/RTG7CfHPEL,,"@262836 Hi, help's here! Before anything, we'd suggest deleting your tweet as it contains your private info. On another note, we have some info we'd like to share with you via DM. Let's carry on chatting there /DV https://t.co/ldFdZRiNAt","[customer] @SpotifyCares won't send me a link to reset my password when I try? I need help https://t.co/RTG7CfHPEL || [brand] @262836 Hi, help's here! Before anything, we'd suggest deleting your tweet as it contains your private info. On another note, we have some info we'd like to share with you via DM. Let's carry on chatting there /DV https://t.co/ldFdZRiNAt",2,True,login_account_access
86,1064083,"@SpotifyCares Hi, our EP recently got added to Spotify but is currently listed under the wrong artist, is there anything you can do to help?",,@371221 2: They'll work with our team to make sure your artist page gets fixed up /JO,"[customer] @SpotifyCares Hi, our EP recently got added to Spotify but is currently listed under the wrong artist, is there anything you can do to help? || [brand] @371221 2: They'll work with our team to make sure your artist page gets fixed up /JO",2,True,content_error_report
87,1446611,"@115888, your web UI will now reliably crash the Chrome/Firefox tab it's running in",,"@455683 Hi Jeremy! Can you let us know your device and OS? Also, is this happening on the web player or website UI? We'll take a look backstage /XF","[customer] @115888, your web UI will now reliably crash the Chrome/Firefox tab it's running in || [brand] @455683 Hi Jeremy! Can you let us know your device and OS? Also, is this happening on the web player or website UI? We'll take a look backstage /XF || [customer] @SpotifyCares Sorry, this is on Sierra, not High Sierra.  Haven't tested on the latter. || [brand] @455683 Thanks! Can you try using the web player on a different device? Let us know how it goes /NH",4,True,playback_technical_issue
88,483945,@SpotifyCares I'm having trouble with my premium account. I just signed up today and started the student discount. However seen that youse offer 3 months 0.99 so would rather do that first. I cancelled it same day and it's saying I've already had a trial. Help!,,"@230131 Hey Aisha, we'd love to help! Can you DM us your account's username/email address? We'll take a look backstage /JP","[customer] @SpotifyCares I'm having trouble with my premium account. I just signed up today and started the student discount. However seen that youse offer 3 months 0.99 so would rather do that first. I cancelled it same day and it's saying I've already had a trial. Help! || [brand] @230131 Hey Aisha, we'd love to help! Can you DM us your account's username/email address? We'll take a look backstage /JP",2,True,account_billing
89,2736546,@115888 still waiting on my Starbucks points to come through from your offer to join premium. Any help please?,,"@287113 Hey there! In 3 days, you should receive an email containing a Star Code you can redeem at https://t.co/2i8f3UftFG for 125 Stars. Hope that helps /PB","[customer] @115888 still waiting on my Starbucks points to come through from your offer to join premium. Any help please? || [brand] @287113 Hey there! In 3 days, you should receive an email containing a Star Code you can redeem at https://t.co/2i8f3UftFG for 125 Stars. Hope that helps /PB || [customer] @SpotifyCares it's been a week || [brand] @287113 Hmm. Can you DM us your account's email address or username? We'll take a look backstage /PB https://t.co/ldFdZRiNAt",4,True,account_billing
90,726738,"@SpotifyCares  thanks for fixing the pervious problem! Got two new problems for my verified artist account, just messaged you guys! Thanks again!",,"@166008 Hey Psyke! We just sent you a reply to your DM, so we'll continue assisting you there /TF","[customer] @SpotifyCares  thanks for fixing the pervious problem! Got two new problems for my verified artist account, just messaged you guys! Thanks again! || [brand] @166008 Hey Psyke! We just sent you a reply to your DM, so we'll continue assisting you there /TF",2,True,praise_or_gratitude
91,2627897,@115888 why has release radar gone from nice house beats to fucking sam smith and chopin? Some developer/ML crap?,,"@380476 Hey there. We're sorry you feel that way. We appreciate your feedback, and we'll be sure to pass it on to the right folks. Also, the more you use Spotify, the more personalized Release Radar becomes. We suggest that you keep on listening to the songs you love /LM","[customer] @115888 why has release radar gone from nice house beats to fucking sam smith and chopin? Some developer/ML crap? || [brand] @380476 Hey there. We're sorry you feel that way. We appreciate your feedback, and we'll be sure to pass it on to the right folks. Also, the more you use Spotify, the more personalized Release Radar becomes. We suggest that you keep on listening to the songs you love /LM || [customer] @SpotifyCares Ahh ok maybe add a filter or a way to remove it then makes sense a recommender system :) || [brand] @380476 We can see how that’d be handy. Thanks for taking the time to reach out! Let us know if you need anything else 🙂 /VK",4,True,redirect_other_team
92,879598,"Dear @115888, you say I get 30 minutes of ad free music but I only got 27 minutes and 32 seconds of ad free music.",,"@328829 Hey, that doesn't sound right. Did the app crash at any point during the 30 minutes? That can cause the ad-free time to reset /JE","[customer] Dear @115888, you say I get 30 minutes of ad free music but I only got 27 minutes and 32 seconds of ad free music. || [brand] @328829 Hey, that doesn't sound right. Did the app crash at any point during the 30 minutes? That can cause the ad-free time to reset /JE || [customer] @SpotifyCares No it did not. || [brand] @328829 Thanks for confirming. Just to check, did you watch the video ad that grants you 30 minutes ad-free listening in full? /JE || [customer] @SpotifyCares Yes I did || [brand] @328829 That's strange. We'll get this passed on to our developers so they can look into it. Give us a shout if you need anything else /JE || [customer] @SpotifyCares Okay thank you! Have a wonderful weekend :) || [brand] @328829 No worries! For anything else, feel free to send a tweet our way. https://t.co/jfEdq1NSfk 😁 /JE",8,True,unmatched
93,1637524,Why does our Spotify keep deleting downloaded songs? It’s happening every week 😒 @115888,,@500800 2: at https://t.co/38J7tFlIBF. This should help sort out your unsynced music. Let us know if we can help with anything else /GN,[customer] Why does our Spotify keep deleting downloaded songs? It’s happening every week 😒 @115888 || [brand] @500800 2: at https://t.co/38J7tFlIBF. This should help sort out your unsynced music. Let us know if we can help with anything else /GN,2,True,playback_technical_issue
94,2809920,@SpotifyCares Spotify won’t let me reset my password 😩😩I’m locked out of my account 👿👿 https://t.co/ZX4jdFIRjV,,@783636 Hey William! We'd like to ask you to delete your previous tweet due to sensitive info (e.g. email address). Can you send it over to us via DM instead? /FR https://t.co/ldFdZR1cbT,[customer] @SpotifyCares Spotify won’t let me reset my password 😩😩I’m locked out of my account 👿👿 https://t.co/ZX4jdFIRjV || [brand] @783636 Hey William! We'd like to ask you to delete your previous tweet due to sensitive info (e.g. email address). Can you send it over to us via DM instead? /FR https://t.co/ldFdZR1cbT,2,True,login_account_access
95,2295027,"@SpotifyCares Hey there. Are you guys planning to support iPhone X displays? As a number 1 app on the store, it shouldn't have to be a feature request, or is it?",,"@666408 Hey there, we hear you! We’re working on it as we speak. Stay tuned, we'll keep everybody in the loop /TB","[customer] @SpotifyCares Hey there. Are you guys planning to support iPhone X displays? As a number 1 app on the store, it shouldn't have to be a feature request, or is it? || [brand] @666408 Hey there, we hear you! We’re working on it as we speak. Stay tuned, we'll keep everybody in the loop /TB",2,True,feature_request_or_limitation
96,929697,@115888 Please add last.fm support for remote devices. Really shouldn't be that hard to implement from the backend.,,@340577 We can see how that’d be handy. Thanks for taking the time to reach out – your feedback's been noted 📝 /DF,[customer] @115888 Please add last.fm support for remote devices. Really shouldn't be that hard to implement from the backend. || [brand] @340577 We can see how that’d be handy. Thanks for taking the time to reach out – your feedback's been noted 📝 /DF || [customer] @SpotifyCares @340577 Fix my account,3,False,feature_request_or_limitation
97,674454,"@SpotifyCares i was trying to sign up for the student account, but my school wasn’t on the list. I was charged the $4.99 anyway, but my account is still a free account. #help",,"@280847 Hey Jasper! Don't worry, we'll get to the bottom of this. Could you send us a DM with your account's email address? We'll take a look backstage /DR https://t.co/ldFdZRiNAt","[customer] @SpotifyCares i was trying to sign up for the student account, but my school wasn’t on the list. I was charged the $4.99 anyway, but my account is still a free account. #help || [brand] @280847 Hey Jasper! Don't worry, we'll get to the bottom of this. Could you send us a DM with your account's email address? We'll take a look backstage /DR https://t.co/ldFdZRiNAt",2,True,account_billing
98,356969,please please please please get rid of the 3k offline download limit my plants are dying @115888 @SpotifyCares,,"@200758 Hi Claudia, we hear you! We’d love to see your vote, and hear your feedback on this idea: https://t.co/Z9OErWpTNz /GT","[customer] please please please please get rid of the 3k offline download limit my plants are dying @115888 @SpotifyCares || [brand] @200758 Hi Claudia, we hear you! We’d love to see your vote, and hear your feedback on this idea: https://t.co/Z9OErWpTNz /GT",2,True,playback_technical_issue
99,1933708,Getting really pissed that ojuelegba remix keeps getting removed from Spotify 🙃🙃🙃 @575404 @115888,,@575403 Hi! Sorry to hear you feel that way. Sometimes content gets temporarily removed due to licensing changes. https://t.co/0i8GpimuDa /DD,[customer] Getting really pissed that ojuelegba remix keeps getting removed from Spotify 🙃🙃🙃 @575404 @115888 || [brand] @575403 Hi! Sorry to hear you feel that way. Sometimes content gets temporarily removed due to licensing changes. https://t.co/0i8GpimuDa /DD,2,True,content_availability
100,987852,"Hey @SpotifyCares, you put this EP on the WRONG artist. This EP belong to SCANDAL (from Japan) not Scandal. Thx.
https://t.co/Ko3TppP5Qh",,"@354062 Hi there! Thanks for the heads-up. No worries, we'll get this reported. Great detective work https://t.co/LpsmyUtme0 😉 /NY","[customer] Hey @SpotifyCares, you put this EP on the WRONG artist. This EP belong to SCANDAL (from Japan) not Scandal. Thx.
https://t.co/Ko3TppP5Qh || [brand] @354062 Hi there! Thanks for the heads-up. No worries, we'll get this reported. Great detective work https://t.co/LpsmyUtme0 😉 /NY",2,True,content_error_report
101,400028,".@SpotifyCares  The tempo in this track is very odd, far too slow. Bad encode? (Same track on CD isnt like this) https://t.co/UDtXtvaCeX",,"@210585 Hey Dan, thanks for the heads-up. We'll get this reported. Great detective work! https://t.co/LpsmyUtme0 /JP","[customer] .@SpotifyCares  The tempo in this track is very odd, far too slow. Bad encode? (Same track on CD isnt like this) https://t.co/UDtXtvaCeX || [brand] @210585 Hey Dan, thanks for the heads-up. We'll get this reported. Great detective work! https://t.co/LpsmyUtme0 /JP || [customer] @SpotifyCares Great!  Its the version on the ""12"" 80s Pop"" album - the embedded one above appears to sound fine. 😃 https://t.co/h3koA2gkHH || [brand] @210585 Awesome! We'll note it down. For anything else, we're just a tweet away /JP",4,True,unmatched
102,1779407,@405274 please add lyric a every song🙌🏽🤞🏽🙏🏽,,"@534632 Hi Osmín! If you don’t see it, the lyrics/story aren’t currently available for that song. There's more here: https://t.co/mvyCo4ndOe 🙂 /T","[customer] @405274 please add lyric a every song🙌🏽🤞🏽🙏🏽 || [brand] @534632 Hi Osmín! If you don’t see it, the lyrics/story aren’t currently available for that song. There's more here: https://t.co/mvyCo4ndOe 🙂 /T",2,True,feature_request_or_limitation
103,1841899,@115888 you charged my card twice??? uncool. FIGHT ME,,"@551969 Hey, that doesn't sound right. Can you DM us your account's email address or username? We'll check backstage /RH https://t.co/ldFdZRiNAt","[customer] @115888 you charged my card twice??? uncool. FIGHT ME || [brand] @551969 Hey, that doesn't sound right. Can you DM us your account's email address or username? We'll check backstage /RH https://t.co/ldFdZRiNAt",2,True,account_billing
104,2043174,"@SpotifyCares Hi friends, I deleted my FB account without unlinking it etc from Spotify first and now I’m stuck and can’t log in. Pls help x",,"@549647 Hey there, help's here! Could you DM us your account's username/email address? We'll check behind the scenes /RE https://t.co/ldFdZRiNAt","[customer] @SpotifyCares Hi friends, I deleted my FB account without unlinking it etc from Spotify first and now I’m stuck and can’t log in. Pls help x || [brand] @549647 Hey there, help's here! Could you DM us your account's username/email address? We'll check behind the scenes /RE https://t.co/ldFdZRiNAt",2,True,login_account_access
105,2239699,"@115888 time to update the app for the iPhone X. Come on now, get busy wit it!",,"@653039 Hey Adrian! We don't have any info on this right now, but we'll let the right team know it's something you'd like to see /GU","[customer] @115888 time to update the app for the iPhone X. Come on now, get busy wit it! || [brand] @653039 Hey Adrian! We don't have any info on this right now, but we'll let the right team know it's something you'd like to see /GU",2,True,unmatched
106,823260,@SpotifyCares would be cool if Spotify included production details of music. Label. Producer. Engineer. These people deserve recognition 2,,"@316111 Hey Rick, we can see how that’d be useful! You can vote for the official idea here: https://t.co/dkpzZy8mrm /TR","[customer] @SpotifyCares would be cool if Spotify included production details of music. Label. Producer. Engineer. These people deserve recognition 2 || [brand] @316111 Hey Rick, we can see how that’d be useful! You can vote for the official idea here: https://t.co/dkpzZy8mrm /TR",2,True,redirect_other_team
107,2681308,@115888 What’s with the 3333 song limit? Back to Apple Music for me...,,"@754310 We hear you Max! We have more info about this here: https://t.co/8OOl8B2i69. While checking that out, you may want to add your vote to let our devs know it's something you'd like to see. Hope this helps /DR","[customer] @115888 What’s with the 3333 song limit? Back to Apple Music for me... || [brand] @754310 We hear you Max! We have more info about this here: https://t.co/8OOl8B2i69. While checking that out, you may want to add your vote to let our devs know it's something you'd like to see. Hope this helps /DR",2,True,feature_request_or_limitation
108,1760763,"@spotifycares I'm looking to obtain services from reliable, legitimate businesses. Also, good job choosing twitter, an irrelevant platform.",,@529911 3: Just let us know what's happening exactly and we'll see what we can do for you /JP,"[customer] @spotifycares I'm looking to obtain services from reliable, legitimate businesses. Also, good job choosing twitter, an irrelevant platform. || [brand] @529911 3: Just let us know what's happening exactly and we'll see what we can do for you /JP",2,True,redirect_other_team
109,514141,@115888 i'll be here waiting for my 2017 stats thanks :),,@238369 Hey Anna! Keep your eyes peeled for more info in the coming weeks 👀 /JX,[customer] @115888 i'll be here waiting for my 2017 stats thanks :) || [brand] @238369 Hey Anna! Keep your eyes peeled for more info in the coming weeks 👀 /JX,2,True,praise_or_gratitude
110,1311649,(1) I have been a @115888 Premium subscriber for years and years. Why the 🤬 am I still not able to hide music I don't EVER want to see?,,"@426500 Hey, we hear you loud and clear! We can’t make any promises but we’ll pass your feedback onto the right folks /RH","[customer] (1) I have been a @115888 Premium subscriber for years and years. Why the 🤬 am I still not able to hide music I don't EVER want to see? || [brand] @426500 Hey, we hear you loud and clear! We can’t make any promises but we’ll pass your feedback onto the right folks /RH",2,True,account_billing
111,2608704,@SpotifyCares — I've had all my downloaded albums on iOS disappear twice. Reinstalling the app didn't fix (it happened again). Please help.,,@737887 Hey! Sorry to hear that. Check out the steps under “Downloads unexpectedly removed” at https://t.co/38J7tFlIBF /JS,[customer] @SpotifyCares — I've had all my downloaded albums on iOS disappear twice. Reinstalling the app didn't fix (it happened again). Please help. || [brand] @737887 Hey! Sorry to hear that. Check out the steps under “Downloads unexpectedly removed” at https://t.co/38J7tFlIBF /JS,2,True,playback_technical_issue
112,1585564,Didn’t realize that @115888 was shit and puts a limit on how many songs you can download 😐,,@487843 We hear you 🎧 Rest assured your feedback will be passed on to the right folks /DF,[customer] Didn’t realize that @115888 was shit and puts a limit on how many songs you can download 😐 || [brand] @487843 We hear you 🎧 Rest assured your feedback will be passed on to the right folks /DF,2,True,feature_request_or_limitation
113,1646998,@SpotifyCares Spotify is ignoring my email address. Says there isn’t an account with that email but there is!,,@503211 Hey Jeremy! Can you DM us your account's email address or username? We'll check backstage /AR https://t.co/ldFdZRiNAt,[customer] @SpotifyCares Spotify is ignoring my email address. Says there isn’t an account with that email but there is! || [brand] @503211 Hey Jeremy! Can you DM us your account's email address or username? We'll check backstage /AR https://t.co/ldFdZRiNAt,2,True,unmatched
114,1583972,@SpotifyCares hello my email account was wrongfully changed on my premium account and I am now locked out answer me here or one of my DMs? Thanks,,@176908 Hey! We've sent you some info via DM. Check it out /MC,[customer] @SpotifyCares hello my email account was wrongfully changed on my premium account and I am now locked out answer me here or one of my DMs? Thanks || [brand] @176908 Hey! We've sent you some info via DM. Check it out /MC,2,True,praise_or_gratitude
115,688103,@284369 @115888 I can only listen to it on Spotify for 30 secs 😖 can't get in cos it's not available in my country 💔,Stream #HeartbreakOnAFullMoon on @115888 now 💔🌕  https://t.co/DSgT1oHFQG https://t.co/lxhOKDxnE9,@284368 Hey there! We're launching regularly in countries around the world. Sign up here to be first to hear: https://t.co/XDwWzj7cLP /RS,[customer] Stream #HeartbreakOnAFullMoon on @115888 now 💔🌕  https://t.co/DSgT1oHFQG https://t.co/lxhOKDxnE9 || [customer] @284369 @115888 I can only listen to it on Spotify for 30 secs 😖 can't get in cos it's not available in my country 💔 || [brand] @284368 Hey there! We're launching regularly in countries around the world. Sign up here to be first to hear: https://t.co/XDwWzj7cLP /RS,3,True,content_availability
116,1089991,"Hey @SpotifyCares, is there any way to change a premium account to a family plan?",,@377160 Hey! Can you DM us your account's username and email address? We'll see what we can suggest /JL https://t.co/ldFdZRiNAt,"[customer] Hey @SpotifyCares, is there any way to change a premium account to a family plan? || [brand] @377160 Hey! Can you DM us your account's username and email address? We'll see what we can suggest /JL https://t.co/ldFdZRiNAt",2,True,account_billing
117,1160826,@115888 why your app is not available in India?,,@393110 Hey Karthick! We're launching in new countries as often as possible. Be sure to add your email at https://t.co/X8DVSX9QgM /TF,[customer] @115888 why your app is not available in India? || [brand] @393110 Hey Karthick! We're launching in new countries as often as possible. Be sure to add your email at https://t.co/X8DVSX9QgM /TF,2,True,content_availability
118,1545090,@115888 Fix this. The wrong song plays when I select this song. It’s playing the song that comes after it on this EP. https://t.co/yLR3qzlqAI,,"@478544 Hey, thanks for the heads-up. We'll get this reported. Great detective work! https://t.co/LpsmyUtme0 /KT","[customer] @115888 Fix this. The wrong song plays when I select this song. It’s playing the song that comes after it on this EP. https://t.co/yLR3qzlqAI || [brand] @478544 Hey, thanks for the heads-up. We'll get this reported. Great detective work! https://t.co/LpsmyUtme0 /KT",2,True,content_error_report
119,740749,Just hit my 10k song limit on @115888 grrrrrrrrrr,,@297159 Hey Alex! There's currently a 10k limit in Your Music (Songs + Albums + Artists). More info here: https://t.co/59ABtm5Ftl /SY,[customer] Just hit my 10k song limit on @115888 grrrrrrrrrr || [brand] @297159 Hey Alex! There's currently a 10k limit in Your Music (Songs + Albums + Artists). More info here: https://t.co/59ABtm5Ftl /SY,2,True,feature_request_or_limitation
120,2289876,"@SpotifyCares yo bring back 
l y r i c s my boyos",,"@665222 2: on Premium, you can connect your Spotify account to the Musixmatch mobile app to enjoy lyrics: https://t.co/scvbRH6MhL /JU","[customer] @SpotifyCares yo bring back 
l y r i c s my boyos || [brand] @665222 2: on Premium, you can connect your Spotify account to the Musixmatch mobile app to enjoy lyrics: https://t.co/scvbRH6MhL /JU || [customer] @SpotifyCares thank || [brand] @665222 No worries! You know where to find us if there's anything else you need help with. https://t.co/uEkAlnxbzn 😉 /CH",4,True,unmatched
121,1854879,@115888 please fix ur bug which doesn't allow me to shuffle anything when on 4g 🙃,,"@554932 Hey Rhia! What device, operating system, and Spotify version is this happening on? Are you able to shuffle when connected through WiFi? /AY","[customer] @115888 please fix ur bug which doesn't allow me to shuffle anything when on 4g 🙃 || [brand] @554932 Hey Rhia! What device, operating system, and Spotify version is this happening on? Are you able to shuffle when connected through WiFi? /AY",2,True,playback_technical_issue
122,2275427,When I'm on a playlist and I try to shuffle it only shuffles by artist and not by song. It's like some weird algorithm that @115888 has. Are there solutions to that or what's the deal,,@661815 Hey! We’ve made some improvements to our shuffle algorithm. We’d love to hear your feedback here: https://t.co/T3vZnSL3od /CX,[customer] When I'm on a playlist and I try to shuffle it only shuffles by artist and not by song. It's like some weird algorithm that @115888 has. Are there solutions to that or what's the deal || [brand] @661815 Hey! We’ve made some improvements to our shuffle algorithm. We’d love to hear your feedback here: https://t.co/T3vZnSL3od /CX || [customer] @SpotifyCares Ok so I left my feedback this seems like a pretty big thing I hope it gets fixed soon https://t.co/be7m2Jhav5 || [brand] @661815 Thanks for the feedback – we appreciate it! We’ll get this passed onto the right team 🙂 /CG,4,True,playback_technical_issue
123,1170728,@115888 why is there a saving limit,,@395349 Hey there! There's currently a 10k limit in Your Music (Songs + Albums + Artists). More info here: https://t.co/59ABtm5Ftl /PB,[customer] @115888 why is there a saving limit || [brand] @395349 Hey there! There's currently a 10k limit in Your Music (Songs + Albums + Artists). More info here: https://t.co/59ABtm5Ftl /PB,2,True,feature_request_or_limitation
124,863695,I hate that you search an artist on @115888 and put em on shuffle and it literally only plays like 6 songs when the artist has 100s of songs.,,@325109 Hi there. Thanks for bringing this up. We’ve actually made some improvements to our shuffle algorithm. We’d love to hear your feedback here: https://t.co/T3vZnSL3od /JU,[customer] I hate that you search an artist on @115888 and put em on shuffle and it literally only plays like 6 songs when the artist has 100s of songs. || [brand] @325109 Hi there. Thanks for bringing this up. We’ve actually made some improvements to our shuffle algorithm. We’d love to hear your feedback here: https://t.co/T3vZnSL3od /JU,2,True,playback_technical_issue
125,2027484,"Web player just logged me out and now it keeps going to a blank screen on login, help! @117153",,"@599569 Hi Hazel! We'd like to know more about this, so can you tell us what browser and OS you're using? We'll see what we can suggest /NH","[customer] Web player just logged me out and now it keeps going to a blank screen on login, help! @117153 || [brand] @599569 Hi Hazel! We'd like to know more about this, so can you tell us what browser and OS you're using? We'll see what we can suggest /NH",2,True,login_account_access
126,2919379,@SpotifyCares I keep getting an error occurred when searching for artists 😰,,@808037 Hey there! Everything should be running smoothly now. Let us know if this is still happening /FR,[customer] @SpotifyCares I keep getting an error occurred when searching for artists 😰 || [brand] @808037 Hey there! Everything should be running smoothly now. Let us know if this is still happening /FR,2,True,redirect_other_team
127,2338256,@SpotifyCares is gorgeous (by taylor swift) not meant to be available in australia yet?? https://t.co/2wHD9h3uBs,,@556800 Hey there! Is this the one you're looking for: https://t.co/e1vz2Onagm? /FR,"[customer] @SpotifyCares is gorgeous (by taylor swift) not meant to be available in australia yet?? https://t.co/2wHD9h3uBs || [brand] @556800 Hey there! Is this the one you're looking for: https://t.co/e1vz2Onagm? /FR || [customer] @SpotifyCares yeah, thanks, any reason why it was late?? || [brand] @556800 We don't have any further info to share right now. If you need anything else, just shout and we'll come running 🏃 /FR || [customer] @SpotifyCares okay cool, thank you! || [brand] @556800 https://t.co/rkpsuGlCiy 😁 /FR",6,True,content_availability
128,513063,"@115888 - this is complaint about the @117144 ""kissing"" audio ad. it sounds terrible. please remove. and request that no one ever submit a ""kissing"" audio ad ever again. #thankyou",,"@238043 Hey! Thanks for your feedback - we'll pass it on. For now, check out https://t.co/zgnxs5kPEu if you haven't had a subscription before /RA","[customer] @115888 - this is complaint about the @117144 ""kissing"" audio ad. it sounds terrible. please remove. and request that no one ever submit a ""kissing"" audio ad ever again. #thankyou || [brand] @238043 Hey! Thanks for your feedback - we'll pass it on. For now, check out https://t.co/zgnxs5kPEu if you haven't had a subscription before /RA",2,True,praise_or_gratitude
129,2072776,. @SpotifyCares why is there a limit on downloaded songs?  Have 15hr flight- limit is making me anxious. What if I download the wrong songs?,,"@613073 Hi there! At this time there is a limit of 3,333 offline songs per device. We have some more info for you here: https://t.co/WSjJgGAmPy /JI","[customer] . @SpotifyCares why is there a limit on downloaded songs?  Have 15hr flight- limit is making me anxious. What if I download the wrong songs? || [brand] @613073 Hi there! At this time there is a limit of 3,333 offline songs per device. We have some more info for you here: https://t.co/WSjJgGAmPy /JI || [customer] @SpotifyCares Thanks but that didn’t answer WHY there’s a limit. I have 16gb free on my phone and want to download at least 5,555 songs not 3,333. || [brand] @613073 We completely understand. We don't have any more info on this right now, but we'll let the team know it's something you'd like to see /JI",4,True,content_error_report
130,2427704,@SpotifyCares hey it's me InsulticA can you remove insultica live from your website it shows up in google searches I need it Gone lol thanks,,@697062 Hey! You can reach out to our Artist Support team here: https://t.co/p1wbtdELHu. They're the best folks to help you here /I,[customer] @SpotifyCares hey it's me InsulticA can you remove insultica live from your website it shows up in google searches I need it Gone lol thanks || [brand] @697062 Hey! You can reach out to our Artist Support team here: https://t.co/p1wbtdELHu. They're the best folks to help you here /I,2,True,praise_or_gratitude
131,2286033,Can you please add Migos - Emmitt Smith @115888? https://t.co/50KBihsGX4,,@664291 We’ll have it available to you as soon as it’s available to us! https://t.co/0i8GpimuDa /SU,[customer] Can you please add Migos - Emmitt Smith @115888? https://t.co/50KBihsGX4 || [brand] @664291 We’ll have it available to you as soon as it’s available to us! https://t.co/0i8GpimuDa /SU,2,True,feature_request_or_limitation
132,1077376,@115888 @SpotifyCares https://t.co/bWzTp81lSc wrong artist link. Should be https://t.co/AQFwP0ccFk @374182,,@220664 Hey there. Thanks for the heads up. We'll get this reported. Great detective work! https://t.co/LpsmyUtme0 /QI,[customer] @115888 @SpotifyCares https://t.co/bWzTp81lSc wrong artist link. Should be https://t.co/AQFwP0ccFk @374182 || [brand] @220664 Hey there. Thanks for the heads up. We'll get this reported. Great detective work! https://t.co/LpsmyUtme0 /QI,2,True,content_error_report
133,993086,"I can't access my Hulu account with my Spotify Premium for Students anymore, and all I want is just to watch some South Park again, please help @SpotifyCares",,@355247 Hi Cristina! We've just sent a DM your way. Let's carry on chatting there /AU,"[customer] I can't access my Hulu account with my Spotify Premium for Students anymore, and all I want is just to watch some South Park again, please help @SpotifyCares || [brand] @355247 Hi Cristina! We've just sent a DM your way. Let's carry on chatting there /AU",2,True,account_billing
134,620367,"@SpotifyCares why does offline mode (android, app v8.4.28.876) keep deleting tracks and losing album art randomly? :(",,"@267242 Hey Nick! Just to check, are your offline tracks getting desynced? Let us know - we'll see what we can suggest /SY","[customer] @SpotifyCares why does offline mode (android, app v8.4.28.876) keep deleting tracks and losing album art randomly? :( || [brand] @267242 Hey Nick! Just to check, are your offline tracks getting desynced? Let us know - we'll see what we can suggest /SY || [customer] @SpotifyCares Yes? They appear in the playlist, but are greyed out, and they definitely weren't greyed out yesterday || [brand] @267242 Sorry to hear that! Check out the steps under “Downloads unexpectedly removed” at https://t.co/38J7tFlIBF. They should help with this /SY",4,True,playback_technical_issue
135,2456328,"@115888 @117168 optimize your app for iPhone X dammit, I don't want to use Apple Music :///",,"@703633 Hey Anthony! We hear you, and we’re working on it as we speak. Stay tuned /AN","[customer] @115888 @117168 optimize your app for iPhone X dammit, I don't want to use Apple Music :/// || [brand] @703633 Hey Anthony! We hear you, and we’re working on it as we speak. Stay tuned /AN",2,True,unmatched
136,2397293,"Dear @115888; you are from Sweden, I'm from Norway, so I presume that you know the difference between Norwegian and Finnish - so why do I get all these Finnish recommendations?!",,"@689950 Hi Thomas, we can help. Can you DM us your account's email address? We'll check under the hood and see what to suggest /NY https://t.co/ldFdZRiNAt","[customer] Dear @115888; you are from Sweden, I'm from Norway, so I presume that you know the difference between Norwegian and Finnish - so why do I get all these Finnish recommendations?! || [brand] @689950 Hi Thomas, we can help. Can you DM us your account's email address? We'll check under the hood and see what to suggest /NY https://t.co/ldFdZRiNAt",2,True,unmatched
137,2309922,Come on @115888 When can we dump the 10000 limit @SpotifyCares #LetTheMusicPlay #Spotify #NoLimits,,"@322348 Hey Derek, we hear you! We’d love to see your vote, and hear your feedback on this idea: https://t.co/8OOl8B2i69 /GU","[customer] Come on @115888 When can we dump the 10000 limit @SpotifyCares #LetTheMusicPlay #Spotify #NoLimits || [brand] @322348 Hey Derek, we hear you! We’d love to see your vote, and hear your feedback on this idea: https://t.co/8OOl8B2i69 /GU",2,True,feature_request_or_limitation
138,700444,"@SpotifyCares I have a question
When I try to log in, it says that I apparently use my facebook to log in.
When I try to log in with facebook, it says that I need to change my facebook password. But why? I am in facebook, no problem.
Bottom line: I cannot enter into spotify.",,"@260508 Hey David, that's not cool! Could you DM us your account's email address? We'll take a look backstage /BX https://t.co/ldFdZRiNAt","[customer] @SpotifyCares I have a question
When I try to log in, it says that I apparently use my facebook to log in.
When I try to log in with facebook, it says that I need to change my facebook password. But why? I am in facebook, no problem.
Bottom line: I cannot enter into spotify. || [brand] @260508 Hey David, that's not cool! Could you DM us your account's email address? We'll take a look backstage /BX https://t.co/ldFdZRiNAt",2,True,login_account_access
139,1933574,@115888 please give a job curating playlists im really creative and love listening to music,,@575364 Hey! We'd love for you to get an opportunity to show us what you can do. Check out https://t.co/rEjSoRyD5y for career opportunities /MG,[customer] @115888 please give a job curating playlists im really creative and love listening to music || [brand] @575364 Hey! We'd love for you to get an opportunity to show us what you can do. Check out https://t.co/rEjSoRyD5y for career opportunities /MG,2,True,redirect_other_team
140,1500094,@SpotifyCares @115888 you guys charged me 3 times! Need help!,,"@468274 Hey Celeste, help's here! Can you DM us your account's email address? We'll take a look backstage /MV https://t.co/ldFdZRiNAt","[customer] @SpotifyCares @115888 you guys charged me 3 times! Need help! || [brand] @468274 Hey Celeste, help's here! Can you DM us your account's email address? We'll take a look backstage /MV https://t.co/ldFdZRiNAt",2,True,account_billing
141,1252705,@SpotifyCares I use my student email but I do not have the student discount nor do I have access to Hulu? What do I do?,,@413855 Hi Cody! Help has arrived. Could you send us your account's email address or username via DM? We'll take a look backstage /RK https://t.co/ldFdZRiNAt,[customer] @SpotifyCares I use my student email but I do not have the student discount nor do I have access to Hulu? What do I do? || [brand] @413855 Hi Cody! Help has arrived. Could you send us your account's email address or username via DM? We'll take a look backstage /RK https://t.co/ldFdZRiNAt,2,True,account_billing
142,1442532,@SpotifyCares @115888 wrong artist link https://t.co/VYmgZSmRpG should be https://t.co/WVSoK3Y0ar ;) @454586,,@220664 Thanks. Hopefully this'll get sorted soon. Great detective work! https://t.co/LpsmyUtme0 /DR,[customer] @SpotifyCares @115888 wrong artist link https://t.co/VYmgZSmRpG should be https://t.co/WVSoK3Y0ar ;) @454586 || [brand] @220664 Thanks. Hopefully this'll get sorted soon. Great detective work! https://t.co/LpsmyUtme0 /DR,2,True,content_error_report
143,2857456,"Hey @115888,
I'd like to thank you for removing my wife, who I'm living with, from our family account. Big improvement. Thank you a lot. 

/cc @SpotifyCares",,"@624398 Hey Gökay! Can you DM us her account's email address, as well as your own? We'll take a look backstage /SY https://t.co/ldFdZRiNAt","[customer] Hey @115888,
I'd like to thank you for removing my wife, who I'm living with, from our family account. Big improvement. Thank you a lot. 

/cc @SpotifyCares || [brand] @624398 Hey Gökay! Can you DM us her account's email address, as well as your own? We'll take a look backstage /SY https://t.co/ldFdZRiNAt",2,True,praise_or_gratitude
144,2833792,"Hey @115888, do you know why my lock screen is stuck on Don’t You Want Me? 😂 it’s been like this for a while. Skip still works but will still show that song/artwork. Not sure if it’s a bug or something? https://t.co/XToUv1myID",,@788866 Hey there! Can you try logging out and back in again? You can also try restarting your phone to see if it helps /MA,"[customer] Hey @115888, do you know why my lock screen is stuck on Don’t You Want Me? 😂 it’s been like this for a while. Skip still works but will still show that song/artwork. Not sure if it’s a bug or something? https://t.co/XToUv1myID || [brand] @788866 Hey there! Can you try logging out and back in again? You can also try restarting your phone to see if it helps /MA || [customer] @SpotifyCares Restarting worked! Thanks :) || [brand] @788866 You're welcome! Give us a shout if you ever need us again. We'll always be... https://t.co/LgAM6ky9Vv 😁 /MA",4,True,playback_technical_issue
145,1966376,@SpotifyCares I bought Premium like 30 mins ago and but don't have premium features on phone or PC. Logging in w/ facebook,,@582773 Hi Drew! We've sent a reply to your DM. Let's carry on chatting there 🙂 /LP,[customer] @SpotifyCares I bought Premium like 30 mins ago and but don't have premium features on phone or PC. Logging in w/ facebook || [brand] @582773 Hi Drew! We've sent a reply to your DM. Let's carry on chatting there 🙂 /LP,2,True,account_billing
146,1198659,"@115888 just my 2 cents... 

1) attach the label w/ releases &amp; make label searchable

2) be able to &gt; multiple stations at once for variety",,@401640 2: You can also head to https://t.co/QIvpbwjY4c to show your support to making Radio based on multiple artists possible /MG,"[customer] @115888 just my 2 cents... 

1) attach the label w/ releases &amp; make label searchable

2) be able to &gt; multiple stations at once for variety || [brand] @401640 2: You can also head to https://t.co/QIvpbwjY4c to show your support to making Radio based on multiple artists possible /MG",2,True,redirect_other_team
147,2132009,"@115888 why do you try to download over 4g when cellular download is off? please look into this, I need to kill the app as a workaround.",,@627417 Hey there! Can you let us know your device and Spotify version you're rocking? We'll see what we can suggest /DR,"[customer] @115888 why do you try to download over 4g when cellular download is off? please look into this, I need to kill the app as a workaround. || [brand] @627417 Hey there! Can you let us know your device and Spotify version you're rocking? We'll see what we can suggest /DR || [customer] @SpotifyCares Using version 8.4.23.784 armV7 on a Samsung Galaxy S6 || [brand] @627417 Thanks. Can you give this a try: log out from Spotify &gt; restart your device &gt; log back in? Did that make a difference? /DR",4,True,playback_technical_issue
148,2213688,@115888 wanna explain to me why I can’t listen to my playlists that I have created but I can listen to playlist others have created? 😡,,"@646926 Hey there! That's odd. Are you getting any error messages? If so, can you send us a screenshot? /PB","[customer] @115888 wanna explain to me why I can’t listen to my playlists that I have created but I can listen to playlist others have created? 😡 || [brand] @646926 Hey there! That's odd. Are you getting any error messages? If so, can you send us a screenshot? /PB || [customer] @SpotifyCares No error message. It just will not play. But I can put on another playlist (made by friends or Spotify) and it plays perfectly || [brand] @646926 Hmm. Can you let us know the device, operating system, and app version you're using? We'll see what we can suggest /PB || [customer] @SpotifyCares iPhone 6s Plus. app version : 8.4.22 || [brand] @646926 Got it. Could you try logging out, restarting your device by holding Home + Lock for 10 seconds, then logging back in? /PB || [customer] @SpotifyCares Did not work || [brand] @646926 Can you DM us your account's email address or username? We'll take a look under the hood /PB https://t.co/ldFdZRiNAt || [customer] @SpotifyCares I think it is working now! Thanks! If not fully resolved I’ll dm y’all. || [brand] @646926 You're welcome! Just give us a shout if the problem persists. We're... https://t.co/zOXI69QSqg /PB",10,True,unmatched
149,2950640,"@SpotifyCares please add Jin's ""Mekakucity Records"". You only have ""Mekakucity Days"" available, the 1st part of Kagepro.",,"@814831 Hey! Fingers crossed we'll be able to have it soon, but there's info about Spotify content here: https://t.co/0i8GpimuDa /SJ","[customer] @SpotifyCares please add Jin's ""Mekakucity Records"". You only have ""Mekakucity Days"" available, the 1st part of Kagepro. || [brand] @814831 Hey! Fingers crossed we'll be able to have it soon, but there's info about Spotify content here: https://t.co/0i8GpimuDa /SJ",2,True,feature_request_or_limitation
150,2580754,"Blegh, some of the old Get Scraped Deamau5 tracks got removed from spotify ;(",,"@731473 Hey there! Can you send us a screenshot of how the album appears on your end? Also, what country is your Spotify account set to? We'll keep an eye out for your reply /LP","[customer] Blegh, some of the old Get Scraped Deamau5 tracks got removed from spotify ;( || [brand] @731473 Hey there! Can you send us a screenshot of how the album appears on your end? Also, what country is your Spotify account set to? We'll keep an eye out for your reply /LP || [customer] @SpotifyCares https://t.co/G6J9keroaj #10 'bored of canada' is greyed out, doesn't show up in searches || [brand] @731473 Thanks! What country is your account set to? We'll check backstage /AP || [customer] @SpotifyCares Should be Netherlands || [brand] @731473 Got it. Sometimes content gets temporarily removed because of licensing changes. Hopefully we'll have it available again to you soon! Let us know if there's anything else /AP",6,True,content_availability
151,2592333,"@SpotifyCares Right spotify cares! Not at all. Thanks for paying us money, but that is all...",,"@734163 We're sorry you feel that way, but we do care. We've just sent you a bit more info over DM. Feel free to check it out /AK","[customer] @SpotifyCares Right spotify cares! Not at all. Thanks for paying us money, but that is all... || [brand] @734163 We're sorry you feel that way, but we do care. We've just sent you a bit more info over DM. Feel free to check it out /AK",2,True,praise_or_gratitude
152,1872721,where is gorgeous why am I being robbed of so much music tonight @115888,,"@559199 Hey there! Fingers crossed we'll be able to have it soon, but there's info about Spotify content here: https://t.co/0i8GpimuDa /NS","[customer] where is gorgeous why am I being robbed of so much music tonight @115888 || [brand] @559199 Hey there! Fingers crossed we'll be able to have it soon, but there's info about Spotify content here: https://t.co/0i8GpimuDa /NS",2,True,content_availability
153,2963360,"@SpotifyCares Hi pls can you r ply to my DM re the family premium account issue, thanks",,@559415 Hey Andrew! We've just sent you a bit more info over DM. We'll carry on helping out there /JQ,"[customer] @SpotifyCares Hi pls can you r ply to my DM re the family premium account issue, thanks || [brand] @559415 Hey Andrew! We've just sent you a bit more info over DM. We'll carry on helping out there /JQ",2,True,praise_or_gratitude
154,1949976,@115888 make it easier to create playlists. Make it easier to delete songs off of playlists. That is all. great job other than that,,@579223 Thanks for the feedback – we appreciate it! We’ll get this passed onto the right team 💚 /JS,[customer] @115888 make it easier to create playlists. Make it easier to delete songs off of playlists. That is all. great job other than that || [brand] @579223 Thanks for the feedback – we appreciate it! We’ll get this passed onto the right team 💚 /JS,2,True,redirect_other_team
155,2922435,@SpotifyCares is there any way to load up last weeks discover weekly? I missed my window for saving the songs,,"@808779 Hey there! Unfortunately we're unable to recover your previous Discover Weekly. Be sure to save your favorites, so you don't miss out in the future /NQ","[customer] @SpotifyCares is there any way to load up last weeks discover weekly? I missed my window for saving the songs || [brand] @808779 Hey there! Unfortunately we're unable to recover your previous Discover Weekly. Be sure to save your favorites, so you don't miss out in the future /NQ || [customer] @SpotifyCares Is it possible to extend the play history? || [brand] @808779 Can you tell us what exactly would you want to happen with a play history? We'll see what we can suggest /AR || [customer] @SpotifyCares Kinda like YouTube history, songs you listen to will appear in a list. It doesn't have to be forever, just like the past 2 weeks or something. || [brand] @808779 Got it! We can see how that’d be useful. We’d recommend suggesting it in our Community where you can get support from other fans: https://t.co/D6JsbrPT3P. We'll also pass your feedback on to the right folks. Let us know if there's anything else we can help with 🙂 /NH",6,True,unmatched
156,2678880,"@115888 Hi. I’m having problems with my Acct. Keeps saying ‘max downloads’ but when I delete many, I still cannot add new tunes. Help!! Thx",,@753812 Hi Nicola! Can you send us a screenshot of the error message you're getting? We'll see what we can suggest /DV,"[customer] @115888 Hi. I’m having problems with my Acct. Keeps saying ‘max downloads’ but when I delete many, I still cannot add new tunes. Help!! Thx || [brand] @753812 Hi Nicola! Can you send us a screenshot of the error message you're getting? We'll see what we can suggest /DV",2,True,playback_technical_issue
157,2364762,"@115888 i wonder if spotify will be launched in Tunisia, is there any plans for that?",,@682721 Hey there! We're launching in new countries as often as possible. Be sure to add your email at https://t.co/X8DVSX9QgM /LO,"[customer] @115888 i wonder if spotify will be launched in Tunisia, is there any plans for that? || [brand] @682721 Hey there! We're launching in new countries as often as possible. Be sure to add your email at https://t.co/X8DVSX9QgM /LO",2,True,unmatched
158,2962003,"@SpotifyCares Your password reset page is broken. Just giving a ""The CSRF Token is invalid."" error on submit. Tried in both Chrome and Safari.",,"@817383 Hey Russ, that doesn't sound right. Could you DM us your account's email address or username? We'll take a look backstage /JE https://t.co/ldFdZRiNAt","[customer] @SpotifyCares Your password reset page is broken. Just giving a ""The CSRF Token is invalid."" error on submit. Tried in both Chrome and Safari. || [brand] @817383 Hey Russ, that doesn't sound right. Could you DM us your account's email address or username? We'll take a look backstage /JE https://t.co/ldFdZRiNAt",2,True,login_account_access
159,1102505,@115888 put Hot Love Drama by @30237 on Spotify please and thank you.,,@380152 Hey Janelle! We’ll have it available to you as soon as it’s available to us. https://t.co/0i8GpimuDa /PL,[customer] @115888 put Hot Love Drama by @30237 on Spotify please and thank you. || [brand] @380152 Hey Janelle! We’ll have it available to you as soon as it’s available to us. https://t.co/0i8GpimuDa /PL,2,True,praise_or_gratitude
160,2372418,"@115888 Hey, I'm having some problems with my Spotify and I'd like to know if there's any way I can fix it.",,@684470 Hey! What exactly's going on? Can you also DM us your account's email address? We'll take a look /RB https://t.co/ldFdZRiNAt,"[customer] @115888 Hey, I'm having some problems with my Spotify and I'd like to know if there's any way I can fix it. || [brand] @684470 Hey! What exactly's going on? Can you also DM us your account's email address? We'll take a look /RB https://t.co/ldFdZRiNAt",2,True,unmatched
161,2852991,@SpotifyCares Hello - how do I find out which playlist / station I'm listening to?,,"@793149 Hey Ian, we'd love to help! Can you let us know your device, operating system, and Spotify version? We'll see what we can suggest /JP","[customer] @SpotifyCares Hello - how do I find out which playlist / station I'm listening to? || [brand] @793149 Hey Ian, we'd love to help! Can you let us know your device, operating system, and Spotify version? We'll see what we can suggest /JP || [customer] @SpotifyCares Managed to find it, but thanks for getting back to me. || [brand] @793149 We're glad you figured it out! If you ever need anything else, give us a shout and we'll come running 🏃 /DI",4,True,unmatched
162,617427,Based on the fact I listened to a Doro album sung in German Spotify thinks I'm now into all things Germanic ...,,@266492 Hi Anthony! We're here to help. Can you give us some more info on what's happening? We'll see what we can do /MC,"[customer] Based on the fact I listened to a Doro album sung in German Spotify thinks I'm now into all things Germanic ... || [brand] @266492 Hi Anthony! We're here to help. Can you give us some more info on what's happening? We'll see what we can do /MC || [customer] @SpotifyCares Lol .. it wasn’t a complaint (I know not very social media) .. just mildly amused me. In fact, found something I liked. 😊 || [brand] @266492 Ah! You had us there 😁 We're glad you're able to find some good stuff. Just keep listening to your favorites, and hopefully everything will be more in tune with your tastes next time. If you ever need us again, just... https://t.co/AUc7DGJpgF /MC",4,True,unmatched
163,617458,@115888 can you please add Andra &amp; Mara - Sweet Dreams (Radio Killer Remix) I think the people will like it,,@266505 Hi Damian! Fingers crossed we’ll have it available to you as soon as it’s available to us. More info here: https://t.co/0i8GpimuDa /XF,[customer] @115888 can you please add Andra &amp; Mara - Sweet Dreams (Radio Killer Remix) I think the people will like it || [brand] @266505 Hi Damian! Fingers crossed we’ll have it available to you as soon as it’s available to us. More info here: https://t.co/0i8GpimuDa /XF,2,True,feature_request_or_limitation
164,61179,"Alright, @115888 time to add No Phun Intended, and Regional at Best to @130008 albums 👍🏼 alright, cool",,@130007 Hey there! Could you let know what country your Spotify account is set to? We'll check it's availability /GU,"[customer] Alright, @115888 time to add No Phun Intended, and Regional at Best to @130008 albums 👍🏼 alright, cool || [brand] @130007 Hey there! Could you let know what country your Spotify account is set to? We'll check it's availability /GU || [customer] @SpotifyCares The US,, I'm sure they aren't available, they're pretty rare, to even buy || [brand] @130007 Thanks! We’ll have it available to you as soon as it’s available to us! https://t.co/0i8GpimuDa. For anything else, let us know /GU || [customer] @SpotifyCares Hah Okk thank u || [brand] @130007 You're welcome! If you ever need help with anything else, just give us a... https://t.co/AUc7DGJpgF 😉 /GU || [customer] @SpotifyCares Hha will do",7,False,content_availability
165,1864823,@SpotifyCares all my play lists have disappeared from my premium account!! Please help!!,,"@557146 Hey Georgie, help's here! Could you send us a DM with your account's username or email address? We'll take a look backstage 🔍 /DB https://t.co/ldFdZRiNAt","[customer] @SpotifyCares all my play lists have disappeared from my premium account!! Please help!! || [brand] @557146 Hey Georgie, help's here! Could you send us a DM with your account's username or email address? We'll take a look backstage 🔍 /DB https://t.co/ldFdZRiNAt",2,True,account_billing
166,1702129,Yo @115888 where's my Majid Jordan pre-sale code?,,@516080 Hey! We've sent some info via DM. Check your inbox for it /SJ,[customer] Yo @115888 where's my Majid Jordan pre-sale code? || [brand] @516080 Hey! We've sent some info via DM. Check your inbox for it /SJ,2,True,unmatched
167,2653072,"@115888 Add my name to the list of people who don't like that 3,333 limit. I just bought a 128GB sd card for my tablet &amp; just found out I can't use it the way I want. My list of songs I want to download isn't far above that limit either.",,"@748203 Hey Carmen! Thanks for sharing your thoughts about the download limit. Don't worry, we'll pass your feedback on to the right folks. You can also vote for the official idea here: https://t.co/Z9OErWpTNz /KB","[customer] @115888 Add my name to the list of people who don't like that 3,333 limit. I just bought a 128GB sd card for my tablet &amp; just found out I can't use it the way I want. My list of songs I want to download isn't far above that limit either. || [brand] @748203 Hey Carmen! Thanks for sharing your thoughts about the download limit. Don't worry, we'll pass your feedback on to the right folks. You can also vote for the official idea here: https://t.co/Z9OErWpTNz /KB || [customer] @SpotifyCares Done. Thank you. In the meantime, I also have a suggestion that might help those like me with this problem: I'd love to see a way to alphabetize my ""All Songs"" category on the app so I can easily eliminate duplicate songs to allow for more space. || [brand] @748203 No worries! You can sort Your Songs by Title with these steps: https://t.co/5hjtm5AdqM. This rearranges the tracks alphabetically. Hope this helps /KB || [customer] @SpotifyCares Thank you again! || [brand] @748203 You're welcome! Give us a shout if you ever need us again. We'd be... https://t.co/LgAM6ky9Vv /KB",6,True,feature_request_or_limitation
168,2259605,@115888 update your app for #iPhoneX https://t.co/gHvc463wuW,,@657971 We understand - we’re working on it as we speak. Stay tuned! /LO,[customer] @115888 update your app for #iPhoneX https://t.co/gHvc463wuW || [brand] @657971 We understand - we’re working on it as we speak. Stay tuned! /LO,2,True,unmatched
169,1869344,@spotifycares can't log in from computer. Dowloaded latest app...this is how I get a hold of you 4 help??? Maybe I'll contact #tidal,,"@558345 Hey there, help's here! Can you DM us your account's email address and username? We'll take a look backstage 🙂 /CG https://t.co/ldFdZRiNAt","[customer] @spotifycares can't log in from computer. Dowloaded latest app...this is how I get a hold of you 4 help??? Maybe I'll contact #tidal || [brand] @558345 Hey there, help's here! Can you DM us your account's email address and username? We'll take a look backstage 🙂 /CG https://t.co/ldFdZRiNAt",2,True,login_account_access
170,2364776,"@SpotifyCares  is https://t.co/xcyRIWTBBT a legitimate Spotify platform? If so, how does the fundraising work? Thanks!",,@682724 Hi Nadia! The fundraising page is genuine. You can suggest a project here: https://t.co/kGZAhDGmub to help out. Let us know how it goes /HR,"[customer] @SpotifyCares  is https://t.co/xcyRIWTBBT a legitimate Spotify platform? If so, how does the fundraising work? Thanks! || [brand] @682724 Hi Nadia! The fundraising page is genuine. You can suggest a project here: https://t.co/kGZAhDGmub to help out. Let us know how it goes /HR || [customer] @SpotifyCares @SpotifyCares Awesome! Thank you! I have one more q: how do proceeds from certain songs benefit a cause? Is that an agreement between the non-profit organization and the artist(s)? Thanks!",3,True,praise_or_gratitude
171,152240,@SpotifyCares all saved and downloaded albums just vanished. No problem with playlists. https://t.co/CnYPPZ8kYp,,"@150793 Hey, that doesn't look good! Can you DM us your account's username or email address? We'll see what's happening backstage /JM https://t.co/ldFdZRiNAt","[customer] @SpotifyCares all saved and downloaded albums just vanished. No problem with playlists. https://t.co/CnYPPZ8kYp || [brand] @150793 Hey, that doesn't look good! Can you DM us your account's username or email address? We'll see what's happening backstage /JM https://t.co/ldFdZRiNAt",2,True,playback_technical_issue
172,1244511,"Dear @115888,
Please stop adding songs that I don’t like in my playlist. Thank you",,@411967 Hey Tanner! Can you DM us your account's email address or username? We'll check backstage /AR https://t.co/ldFdZRiNAt,"[customer] Dear @115888,
Please stop adding songs that I don’t like in my playlist. Thank you || [brand] @411967 Hey Tanner! Can you DM us your account's email address or username? We'll check backstage /AR https://t.co/ldFdZRiNAt",2,True,praise_or_gratitude
173,2133712,@SpotifyCares I need help logging into my Hulu account with my Student Spotify Premium! Can you please verify my info so I can access my Hulu?,,@627794 Hey there! Can you fire over your account's email address or username via DM? We'll see what we can suggest /RC https://t.co/ldFdZRiNAt,[customer] @SpotifyCares I need help logging into my Hulu account with my Student Spotify Premium! Can you please verify my info so I can access my Hulu? || [brand] @627794 Hey there! Can you fire over your account's email address or username via DM? We'll see what we can suggest /RC https://t.co/ldFdZRiNAt,2,True,account_billing
174,104147,"@SpotifyCares spotify at first said no internet connection even though I have one. I cleared cache, uninstalled, reinstalled. Now I can't log in. Changed Facebook password, nothing works. Help!",,"@138961 Hey Casper, that doesn't sound right. Can you DM us your account's email address or username? We'll take a look backstage /JE https://t.co/ldFdZRiNAt","[customer] @SpotifyCares spotify at first said no internet connection even though I have one. I cleared cache, uninstalled, reinstalled. Now I can't log in. Changed Facebook password, nothing works. Help! || [brand] @138961 Hey Casper, that doesn't sound right. Can you DM us your account's email address or username? We'll take a look backstage /JE https://t.co/ldFdZRiNAt",2,True,login_account_access
175,2862729,Could you please put Acidrap by Chance the rapper on spotify @SpotifyCares,,"@795214 Hey! Fingers crossed we'll be able to have it soon, but there's info about Spotify content here: https://t.co/0i8GpimuDa /RH","[customer] Could you please put Acidrap by Chance the rapper on spotify @SpotifyCares || [brand] @795214 Hey! Fingers crossed we'll be able to have it soon, but there's info about Spotify content here: https://t.co/0i8GpimuDa /RH || [customer] @SpotifyCares You wouldn't know how much longer would ya? || [brand] @795214 We're afraid we don't have any additional info to share about this right now, but we'll have it available to you as soon as it's available to us /NQ",4,True,unmatched
176,108042,@SpotifyCares I’m trying to sync my Spotify account with my Alexa and it keeps saying I don’t have an email address associated w/ FB.  I also can’t log in to my Spotify account.,,"@139987 Hi there, the cavalry's here! Can you shoot us a DM with your account's username? A link to your Facebook profile would also be helpful. We'll check it out backstage /WW https://t.co/ldFdZRiNAt","[customer] @SpotifyCares I’m trying to sync my Spotify account with my Alexa and it keeps saying I don’t have an email address associated w/ FB.  I also can’t log in to my Spotify account. || [brand] @139987 Hi there, the cavalry's here! Can you shoot us a DM with your account's username? A link to your Facebook profile would also be helpful. We'll check it out backstage /WW https://t.co/ldFdZRiNAt",2,True,login_account_access
177,1308121,"@115888 and a way to select albums ""to be downloaded"" when they're released",,@425684 Hey! We can see how that’d be handy. Thanks for taking the time to reach out – your feedback's been noted 📝 /RA,"[customer] @115888 and a way to select albums ""to be downloaded"" when they're released || [brand] @425684 Hey! We can see how that’d be handy. Thanks for taking the time to reach out – your feedback's been noted 📝 /RA",2,True,playback_technical_issue
178,33418,How come I suddenly don't have Spotify premium anymore @SpotifyCares? Meer mensen last van? #spotify,,@123393 Hey! We just replied to your DM with more info. We'll carry on helping out backstage /CB,[customer] How come I suddenly don't have Spotify premium anymore @SpotifyCares? Meer mensen last van? #spotify || [brand] @123393 Hey! We just replied to your DM with more info. We'll carry on helping out backstage /CB,2,True,account_billing
179,1872801,@115888 where the fick is gorgeous??? @118062 ????,,"@559226 Hey there! Fingers crossed we'll be able to have it soon, but there's info about Spotify content here: https://t.co/0i8GpimuDa /LO","[customer] @115888 where the fick is gorgeous??? @118062 ???? || [brand] @559226 Hey there! Fingers crossed we'll be able to have it soon, but there's info about Spotify content here: https://t.co/0i8GpimuDa /LO",2,True,content_availability
180,586361,@115888 you need to bring back RBD’S albums fr ☹️,,@258466 Hi Krystal. Sometimes content gets temporarily removed because of licensing changes. Hopefully we'll have it available again soon! /DV,[customer] @115888 you need to bring back RBD’S albums fr ☹️ || [brand] @258466 Hi Krystal. Sometimes content gets temporarily removed because of licensing changes. Hopefully we'll have it available again soon! /DV,2,True,unmatched
181,2344081,@115888 Why isn't spotify available in my country(Nepal)?Any plans to add it in future?,,@677911 Hey! We're launching in new countries as often as possible. Be sure to add your email at https://t.co/X8DVSX9QgM /CP,[customer] @115888 Why isn't spotify available in my country(Nepal)?Any plans to add it in future? || [brand] @677911 Hey! We're launching in new countries as often as possible. Be sure to add your email at https://t.co/X8DVSX9QgM /CP,2,True,content_availability
182,1688029,@SpotifyCares Hi spotify crashes unexpectly these days and now don't load (no error page only blank page),,"@512578 Hey, help's here! Can you let us know the device, operating system, and Spotify version you're using? We'll see what we can suggest /RS","[customer] @SpotifyCares Hi spotify crashes unexpectly these days and now don't load (no error page only blank page) || [brand] @512578 Hey, help's here! Can you let us know the device, operating system, and Spotify version you're using? We'll see what we can suggest /RS || [customer] @SpotifyCares device: windows 7 pc, spotify web latest version on chrome.. i cant' login with my mail or facebook account.. everytime logout of theaccount || [brand] @512578 Got it. Can you DM us your account's email address? We'll take a look backstage /DV https://t.co/ldFdZRiNAt",4,True,playback_technical_issue
183,2862787,"Hey @115888, I need this job. Can you Make It Happen? https://t.co/pcafEUb17z https://t.co/DUGCvPRfwb",,"@795230 Hey, help's here! We'd suggest reaching out to @7997 for more info. Give us a shout for anything else /JS","[customer] Hey @115888, I need this job. Can you Make It Happen? https://t.co/pcafEUb17z https://t.co/DUGCvPRfwb || [brand] @795230 Hey, help's here! We'd suggest reaching out to @7997 for more info. Give us a shout for anything else /JS || [customer] @SpotifyCares @7997 Amazing, thank you! @7997, here is just a small sampling of what I've done as a producer over the last decade. https://t.co/TG4U77qsOX || [brand] @795230 That's awesome! Just click on the link we sent earlier, and keep your fingers crossed. In the meantime, have a great day /RB",4,True,redirect_other_team
184,2338232,Good job @SpotifyCares only took you an hour longer than your competitor LMAO fucking shitty service lost a subscriber,,"@676228 Hey, sorry you feel that way. No worries, your feedback is noted and passed on to the team. Anything else, let us know /NY","[customer] Good job @SpotifyCares only took you an hour longer than your competitor LMAO fucking shitty service lost a subscriber || [brand] @676228 Hey, sorry you feel that way. No worries, your feedback is noted and passed on to the team. Anything else, let us know /NY || [customer] @SpotifyCares Such a shitty service I will be getting Apple Music soon ✌️ only good thing is free Hulu but fuck that || [brand] @676228 We understand, but if you ever need help, we're here to help. https://t.co/uQiQuWow27 /NY || [customer] @SpotifyCares L",5,False,redirect_other_team
185,1711920,@SpotifyCares i’d appreciate a reply before i demand my money back thanks,@SpotifyCares why did the spotify + hulu charge my credit card 3 charges of $5 instead of one,@518544 Hey! Can you DM us your account's username and email address? We'll take a look backstage /JL https://t.co/ldFdZRiNAt,[customer] @SpotifyCares why did the spotify + hulu charge my credit card 3 charges of $5 instead of one || [customer] @SpotifyCares i’d appreciate a reply before i demand my money back thanks || [brand] @518544 Hey! Can you DM us your account's username and email address? We'll take a look backstage /JL https://t.co/ldFdZRiNAt,3,True,praise_or_gratitude
186,2393596,@SpotifyCares do let me know why can't I download @115888​ in Pakistan on my mobile?,,"@689159 2: in countries around the world, so be sure to add your email at https://t.co/X8DVSX9QgM. Let us know if you have further questions /MA","[customer] @SpotifyCares do let me know why can't I download @115888​ in Pakistan on my mobile? || [brand] @689159 2: in countries around the world, so be sure to add your email at https://t.co/X8DVSX9QgM. Let us know if you have further questions /MA",2,True,feature_request_or_limitation
187,1602225,@SpotifyCares &amp;@115888 why can't I pick the song I want to play I didn't create the playlist so you could choose songs not in the playlist?,,"@491814 Hey Jacob, help's here! Could you send us a DM with your account's email address? We'll take a look backstage /CH https://t.co/ldFdZRiNAt","[customer] @SpotifyCares &amp;@115888 why can't I pick the song I want to play I didn't create the playlist so you could choose songs not in the playlist? || [brand] @491814 Hey Jacob, help's here! Could you send us a DM with your account's email address? We'll take a look backstage /CH https://t.co/ldFdZRiNAt",2,True,feature_request_or_limitation
188,1761835,"@SpotifyCares IK this is about rights and shit. but let's be real, how about you CHECK to see if it is ok in ALL regions, then add it. That sound good?",Why don't fucking Spotify just think logically WHY THE FUCK YOU ADD A SONG IF ALL YOU FUCKING DO IS REMOVE IT?? WTF? EXPLAIN! @SpotifyCares https://t.co/theAlqdTEm,@530158 2: have it available again soon! We have more info here: https://t.co/0i8GpimuDa /JU,"[customer] Why don't fucking Spotify just think logically WHY THE FUCK YOU ADD A SONG IF ALL YOU FUCKING DO IS REMOVE IT?? WTF? EXPLAIN! @SpotifyCares https://t.co/theAlqdTEm || [customer] @SpotifyCares IK this is about rights and shit. but let's be real, how about you CHECK to see if it is ok in ALL regions, then add it. That sound good? || [brand] @530158 2: have it available again soon! We have more info here: https://t.co/0i8GpimuDa /JU || [customer] @SpotifyCares OK so why haven't these appeared then??? These have been like this for months https://t.co/d2bradHedC || [brand] @530158 2: that we'll get them back in our catalog soon. Let us know if you have other questions /JU",5,True,content_availability
189,1698011,@115888 I have premium... how come me and my partner have to listen to the same music when apart??! What's the point of premium??,Premium gives you unlimited skips. Get 3 months now for just €0.99. https://t.co/kI2e5Mk8Tr,@515018 Hey there! Could you send us a DM with your account's email address? We'll take a look backstage /CH https://t.co/ldFdZRiNAt,[customer] Premium gives you unlimited skips. Get 3 months now for just €0.99. https://t.co/kI2e5Mk8Tr || [customer] @115888 I have premium... how come me and my partner have to listen to the same music when apart??! What's the point of premium?? || [brand] @515018 Hey there! Could you send us a DM with your account's email address? We'll take a look backstage /CH https://t.co/ldFdZRiNAt,3,True,account_billing
190,2663449,@115888 help please! My subscription appears to have been cancelled but I can’t see where to check it!! 😱,,"@750577 Hey Laura, help's here! Can you DM us your account's email address? We'll take a look backstage /JN https://t.co/ldFdZRiNAt","[customer] @115888 help please! My subscription appears to have been cancelled but I can’t see where to check it!! 😱 || [brand] @750577 Hey Laura, help's here! Can you DM us your account's email address? We'll take a look backstage /JN https://t.co/ldFdZRiNAt",2,True,account_billing
191,203099,@SpotifyCares please add Nujabes to the library,,"@164061 Hey there, we'd love to have him on Spotify! Hopefully we will in the future. Check this out: https://t.co/MEjmIRL2eB /BX","[customer] @SpotifyCares please add Nujabes to the library || [brand] @164061 Hey there, we'd love to have him on Spotify! Hopefully we will in the future. Check this out: https://t.co/MEjmIRL2eB /BX",2,True,feature_request_or_limitation
192,2064971,"@115888 please add jazz back in the title and get rid of the nonjazz, i'm trying to ace college and i need your playlist https://t.co/Kl75DBDNx0",,"@610656 1: Hi! Our Curation team is independent &amp; uses taste, data, research, and trends to create playlists. Don't worry, we've already...","[customer] @115888 please add jazz back in the title and get rid of the nonjazz, i'm trying to ace college and i need your playlist https://t.co/Kl75DBDNx0 || [brand] @610656 1: Hi! Our Curation team is independent &amp; uses taste, data, research, and trends to create playlists. Don't worry, we've already...",2,True,feature_request_or_limitation
193,534625,"@SpotifyCares Hello there, I'm running Spotify free at the moment. I want to avail your promo $0.99/premium by the time i need to register my account,it always pop up saying enter your valid postal code.could you please help me to fix this issue..thank you",,@243845 Hey! We've just replied to your DM. We'll carry on helping out there /MU,"[customer] @SpotifyCares Hello there, I'm running Spotify free at the moment. I want to avail your promo $0.99/premium by the time i need to register my account,it always pop up saying enter your valid postal code.could you please help me to fix this issue..thank you || [brand] @243845 Hey! We've just replied to your DM. We'll carry on helping out there /MU",2,True,account_billing
194,1692816,@117153 Is your API really slow today? Or have you changed something since Friday? OAuth callbacks are timing out. Trying to debug...,,"@513755 Hey! This sounds like something for @405274. They should be able to help, don't worry 🙂 /L","[customer] @117153 Is your API really slow today? Or have you changed something since Friday? OAuth callbacks are timing out. Trying to debug... || [brand] @513755 Hey! This sounds like something for @405274. They should be able to help, don't worry 🙂 /L || [customer] @SpotifyCares @513755 Hi! There's an ongoing issue at the moment, we'll tweet from this account when it's resolved :)",3,True,redirect_other_team
195,1597451,@SpotifyCares invitation code from drtzvi to __email__ rejected as invalid repeatedly on all devices,,@490719 Alright! We've just replied to your DM. Let's continue chatting there /GT,[customer] @SpotifyCares invitation code from drtzvi to __email__ rejected as invalid repeatedly on all devices || [brand] @490719 Alright! We've just replied to your DM. Let's continue chatting there /GT,2,True,playback_technical_issue
196,2342517,@SpotifyCares hi I have Android 5.1 and the Spotify app don't let me save on my device songs I downloaded on this app,,@156658 2: Could you DM us your account's email address or username? We'll take a look backstage /JE https://t.co/ldFdZRiNAt,[customer] @SpotifyCares hi I have Android 5.1 and the Spotify app don't let me save on my device songs I downloaded on this app || [brand] @156658 2: Could you DM us your account's email address or username? We'll take a look backstage /JE https://t.co/ldFdZRiNAt,2,True,playback_technical_issue
197,2915203,I really wish you could click on record labels in @115888 and see their entire catalog. cc: @SpotifyCares @117168,,@806947 Hey Paul! We can see how that’d be useful! We’d recommend suggesting it in our Community where you can get support from other fans: https://t.co/WgY7GXqvUF /AR,[customer] I really wish you could click on record labels in @115888 and see their entire catalog. cc: @SpotifyCares @117168 || [brand] @806947 Hey Paul! We can see how that’d be useful! We’d recommend suggesting it in our Community where you can get support from other fans: https://t.co/WgY7GXqvUF /AR || [customer] @SpotifyCares thanks! looks like someone already posted a similar idea to the community forum. Hopefully you implement it soon! :) https://t.co/qnCP1mKA4U,3,True,redirect_other_team
198,2734652,"@SpotifyCares The PS4 app needs a screensaver and a fix for going back a page in history so it saves, and goes to, your previous location correctly, instead of back to the beginning of the list. Add to playlist would be nice too. Please bring these features!",,@766436 Hi Vince! Thanks for the feedback. We'll make sure to pass it onto our devs. Give us a shout if there's anything else we can do to help /DV,"[customer] @SpotifyCares The PS4 app needs a screensaver and a fix for going back a page in history so it saves, and goes to, your previous location correctly, instead of back to the beginning of the list. Add to playlist would be nice too. Please bring these features! || [brand] @766436 Hi Vince! Thanks for the feedback. We'll make sure to pass it onto our devs. Give us a shout if there's anything else we can do to help /DV",2,True,feature_request_or_limitation
199,1233745,"@SpotifyCares Hi spotify! Where can I find an email address to contact someone about jobs, please?",,"@409366 Hey Helen, help's here! You can find info about open positions and apply here: https://t.co/L0SdXJ7Bk4. Stay awesome 😁 /MQ","[customer] @SpotifyCares Hi spotify! Where can I find an email address to contact someone about jobs, please? || [brand] @409366 Hey Helen, help's here! You can find info about open positions and apply here: https://t.co/L0SdXJ7Bk4. Stay awesome 😁 /MQ || [customer] @SpotifyCares Thanks MQ! 😊 I've checked out the website already but have a specific question, is there an email? || [brand] @409366 2: we'd recommend keeping an eye on your email inbox as well as your spam/trash folder for any updates on your application status /MQ",4,True,redirect_other_team
200,1201572,@SpotifyCares &amp; this happens. it just gets stuck there &amp; it won't play my music. happens with every one of my playlists @SpotifyCares https://t.co/8OjJVqMLYF,@SpotifyCares after about 3 songs my playlist just stops. it won't let me shuffle again &amp; no music plays at all. is this a bug?,@402320 Hey there! The cavalry's here. Could you confirm the iOS and Spotify version you're using? We'll see what we can suggest /KB,[customer] @SpotifyCares after about 3 songs my playlist just stops. it won't let me shuffle again &amp; no music plays at all. is this a bug? || [customer] @SpotifyCares &amp; this happens. it just gets stuck there &amp; it won't play my music. happens with every one of my playlists @SpotifyCares https://t.co/8OjJVqMLYF || [brand] @402320 Hey there! The cavalry's here. Could you confirm the iOS and Spotify version you're using? We'll see what we can suggest /KB,3,True,playback_technical_issue
201,2404045,@SpotifyCares uh hello https://t.co/r3epeGeOnx,,@691527 Hi there! Can you let us knot the iOS and Spotify version you're using? We'll see what we can suggest /NY,[customer] @SpotifyCares uh hello https://t.co/r3epeGeOnx || [brand] @691527 Hi there! Can you let us knot the iOS and Spotify version you're using? We'll see what we can suggest /NY || [customer] @SpotifyCares im using iOS 11 and im using the 8.4 version of spotify || [brand] @691527 Thanks. Can you DM us your account's email address? We'll take a look backstage /NY https://t.co/ldFdZRiNAt,4,True,content_availability
202,2667494,Oh my God @118117 why is the app so glitchy?! Why is it suddenly so hard to play songs from Spotify?! Ugh!,,"@751449 Hey Beth! Can you give us a little more info on what issue you're having? Also, what device and Spotify version are you using? We'll see what we can suggest /K","[customer] Oh my God @118117 why is the app so glitchy?! Why is it suddenly so hard to play songs from Spotify?! Ugh! || [brand] @751449 Hey Beth! Can you give us a little more info on what issue you're having? Also, what device and Spotify version are you using? We'll see what we can suggest /K || [customer] @SpotifyCares I have an iPhone 7s and have updated my Spotify. Also my Sonos. Am using Spotify via Sonos. || [brand] @751449 Thanks. Can you let us know what's happening on the Spotify app or your Sonos speaker when you're trying to listen to music? We'll take a closer look /K || [customer] @SpotifyCares I get an error that says Spotify tracks are unable to play. It tries to skip to next track. Same thing. || [brand] @751449 Thanks. Can you DM us a screenshot of this error message? Also, can you DM us your account's email address? We'll check this out backstage /K https://t.co/ldFdZRiNAt",6,True,playback_technical_issue
203,38328,@SpotifyCares I cant sign in im new to your app and I have tried all my emails and it always says:An unknown error occurred try again later.,,@124336 Hey Kosta! That doesn't sound good. Could you DM us your account's email address? We'll take a look backstage /AU,[customer] @SpotifyCares I cant sign in im new to your app and I have tried all my emails and it always says:An unknown error occurred try again later. || [brand] @124336 Hey Kosta! That doesn't sound good. Could you DM us your account's email address? We'll take a look backstage /AU,2,True,login_account_access
204,1159702,@392820 @115888 That would be nice too... not to mention videos etc.,"Wish @115888 would show bigger versions of cover artwork in the app, nothing happens when you click @392819 @115888 Seems like that wouldn’t be that hard to do. Possibly allow artists to update their artwork? Back covers!",@392819 Hi Serein! The full-screen version of the cover art is available on the desktop app. Just click the arrow icon beside the volume bar /MU,"[customer] Wish @115888 would show bigger versions of cover artwork in the app, nothing happens when you click || [customer] @392819 @115888 Seems like that wouldn’t be that hard to do. Possibly allow artists to update their artwork? Back covers! || [customer] @392820 @115888 That would be nice too... not to mention videos etc. || [brand] @392819 Hi Serein! The full-screen version of the cover art is available on the desktop app. Just click the arrow icon beside the volume bar /MU || [customer] @SpotifyCares when I click a second time I get the full-screen artwork, a third click takes me back out of my original full-screen. Weirdness. :) (2/2) || [brand] @392819 Thanks for the feedback 🎧 Rest assured, that it will be passed on to the right folks /RR",6,True,feature_request_or_limitation
205,38322,@SpotifyCares can you grant me a grace period for my premium account??? i have a urgent matter,,@124333 Hi there! We've just sent you a bit more info over DM. We'll carry on helping out there /MA,[customer] @SpotifyCares can you grant me a grace period for my premium account??? i have a urgent matter || [brand] @124333 Hi there! We've just sent you a bit more info over DM. We'll carry on helping out there /MA,2,True,account_billing
206,562453,"@115888 @117168 please direct me to a place where I can explore different individual/family packages. I already used a promotional offer before, a while back. Thanks",,"@251615 Hey there! To check the deals we offer, just head here: https://t.co/pi65ht9tCT. Hope this helps /CG","[customer] @115888 @117168 please direct me to a place where I can explore different individual/family packages. I already used a promotional offer before, a while back. Thanks || [brand] @251615 Hey there! To check the deals we offer, just head here: https://t.co/pi65ht9tCT. Hope this helps /CG",2,True,praise_or_gratitude
207,1535900,"I'm extremely upset about this &amp; will now be returning to Limewire. So great job, @115888. You turned me from the 'ethical' way after all",,@476231 2: here: https://t.co/59ABtm5Ftl /JS,"[customer] I'm extremely upset about this &amp; will now be returning to Limewire. So great job, @115888. You turned me from the 'ethical' way after all || [brand] @476231 2: here: https://t.co/59ABtm5Ftl /JS || [customer] @SpotifyCares I just don't understand the point. I was obviously kidding about Limewire - but why the limit? Who is it hurting? || [brand] @476231 We understand how you might feel about this. Rest assured we'll pass on your feedback to the right team /JS",4,True,redirect_other_team
208,2704345,"@SpotifyCares I was added to a family premium spotify and my account/app/ every thing won't recognize that.. Even though I went and comfirmed the email and tried opening it like normal.. i also uninstalled the app, logged out and retried.. can you please fix this ...",,@759546 Hey Iris! Help's here. Can you DM us your account's email address? We'll take a look backstage /RA https://t.co/ldFdZRiNAt,"[customer] @SpotifyCares I was added to a family premium spotify and my account/app/ every thing won't recognize that.. Even though I went and comfirmed the email and tried opening it like normal.. i also uninstalled the app, logged out and retried.. can you please fix this ... || [brand] @759546 Hey Iris! Help's here. Can you DM us your account's email address? We'll take a look backstage /RA https://t.co/ldFdZRiNAt",2,True,login_account_access
209,712610,@115888 is there a way to login without using Facebook? Can't seem to reset password without going thru FB.,,"@290421 Hi Marcus, help's here! Can you DM us your account's email address? We'll see what we can do 🙂 /RR https://t.co/ldFdZRiNAt","[customer] @115888 is there a way to login without using Facebook? Can't seem to reset password without going thru FB. || [brand] @290421 Hi Marcus, help's here! Can you DM us your account's email address? We'll see what we can do 🙂 /RR https://t.co/ldFdZRiNAt",2,True,login_account_access
210,1929609,@spotifycares my discover weekly hasn't updated in 4 weeks. would you help me with this? thank you :),,@574201 Hey Devani! We're here to help. Can you DM us your account's email address? We'll take a look under the hood /AN https://t.co/ldFdZRiNAt,[customer] @spotifycares my discover weekly hasn't updated in 4 weeks. would you help me with this? thank you :) || [brand] @574201 Hey Devani! We're here to help. Can you DM us your account's email address? We'll take a look under the hood /AN https://t.co/ldFdZRiNAt,2,True,praise_or_gratitude
211,980179,"@115888 While I'm at it, you know what also would be nice, if not desperately needed? Album organization. Let me make folders like ""2017 albums"" or ""My favorite albums"" or ""Albums to check out"".","Hey, @115888 — been subscribed to you for only a year and already I got a message about my constantly growing album collection having reached its limit. PLEASE tell me you are working on changing this.","@352405 Hey! We hear you. We’d love to see your vote, and hear your feedback on this idea: https://t.co/8OOl8B2i69 /RC","[customer] Hey, @115888 — been subscribed to you for only a year and already I got a message about my constantly growing album collection having reached its limit. PLEASE tell me you are working on changing this. || [customer] @115888 While I'm at it, you know what also would be nice, if not desperately needed? Album organization. Let me make folders like ""2017 albums"" or ""My favorite albums"" or ""Albums to check out"". || [brand] @352405 Hey! We hear you. We’d love to see your vote, and hear your feedback on this idea: https://t.co/8OOl8B2i69 /RC || [customer] @SpotifyCares So basically, not gonna happen any time soon. I'm very disappointed. Can you at least explain to me why this is so complex to change? https://t.co/JS1UrMzh16 || [brand] @352405 2: make sure this reaches the relevant folks. If there's anything else we can help you with, just give us a shout /RC || [customer] @SpotifyCares Yeah. Thanks for linking the thread at least, I did add my vote and a comment. I hope it helps even if I doubt it will. || [brand] @352405 No worries, we'll make sure to remind the right folks that it's a popular request. If anything else comes up, we're just a tweet away /RC",7,True,feature_request_or_limitation
212,1807952,"@117153  hello 

since i moved to france my premium account  stop working.",,"@543148 Hey there, that's not cool! Can you send us your account's username or email address via DM? We'll take a look backstage /GN https://t.co/ldFdZRiNAt","[customer] @117153  hello 

since i moved to france my premium account  stop working. || [brand] @543148 Hey there, that's not cool! Can you send us your account's username or email address via DM? We'll take a look backstage /GN https://t.co/ldFdZRiNAt",2,True,account_billing
213,704790,I wish Nier Automata OST was on @115888. Please. It needs to happen 😭😭😭 https://t.co/PVdphSeGWn,,@288443 Hi there! We’ll have it available to you as soon as it’s available to us. We've got some more info on content for you here: https://t.co/0i8GpimuDa 🙂 /JI,[customer] I wish Nier Automata OST was on @115888. Please. It needs to happen 😭😭😭 https://t.co/PVdphSeGWn || [brand] @288443 Hi there! We’ll have it available to you as soon as it’s available to us. We've got some more info on content for you here: https://t.co/0i8GpimuDa 🙂 /JI,2,True,unmatched
214,2864089,"i know you're busy catering to majors 
but distributors are giving indie labels the budgets 
u plan on letting people search catalogs by label anytime soon? 
@115888",,"@795555 Hey there! We don't have info on this right now, but we're taking in your feedback. We'll be sure to pass it on to the right team /AR","[customer] i know you're busy catering to majors 
but distributors are giving indie labels the budgets 
u plan on letting people search catalogs by label anytime soon? 
@115888 || [brand] @795555 Hey there! We don't have info on this right now, but we're taking in your feedback. We'll be sure to pass it on to the right team /AR",2,True,redirect_other_team
